"token_index";"character";"unicode";"token_word";"token_hi";"token_lo";"glyph_slot";"glyph_offset";"glyph_offset_hex";"glyph_bytes"
"0";"가";"U+AC00";"0xE040";"0xE0";"0x40";"0";"0";"0x0000";"16"
"1";"각";"U+AC01";"0xE041";"0xE0";"0x41";"1";"16";"0x0010";"16"
"2";"간";"U+AC04";"0xE042";"0xE0";"0x42";"2";"32";"0x0020";"16"
"3";"갇";"U+AC07";"0xE043";"0xE0";"0x43";"3";"48";"0x0030";"16"
"4";"갈";"U+AC08";"0xE044";"0xE0";"0x44";"4";"64";"0x0040";"16"
"5";"감";"U+AC10";"0xE045";"0xE0";"0x45";"5";"80";"0x0050";"16"
"6";"갑";"U+AC11";"0xE046";"0xE0";"0x46";"6";"96";"0x0060";"16"
"7";"갔";"U+AC14";"0xE047";"0xE0";"0x47";"7";"112";"0x0070";"16"
"8";"강";"U+AC15";"0xE048";"0xE0";"0x48";"8";"128";"0x0080";"16"
"9";"갖";"U+AC16";"0xE049";"0xE0";"0x49";"9";"144";"0x0090";"16"
"10";"같";"U+AC19";"0xE04A";"0xE0";"0x4A";"10";"160";"0x00A0";"16"
"11";"갚";"U+AC1A";"0xE04B";"0xE0";"0x4B";"11";"176";"0x00B0";"16"
"12";"개";"U+AC1C";"0xE04C";"0xE0";"0x4C";"12";"192";"0x00C0";"16"
"13";"객";"U+AC1D";"0xE04D";"0xE0";"0x4D";"13";"208";"0x00D0";"16"
"14";"거";"U+AC70";"0xE04E";"0xE0";"0x4E";"14";"224";"0x00E0";"16"
"15";"걱";"U+AC71";"0xE04F";"0xE0";"0x4F";"15";"240";"0x00F0";"16"
"16";"건";"U+AC74";"0xE050";"0xE0";"0x50";"16";"256";"0x0100";"16"
"17";"걷";"U+AC77";"0xE051";"0xE0";"0x51";"17";"272";"0x0110";"16"
"18";"걸";"U+AC78";"0xE052";"0xE0";"0x52";"18";"288";"0x0120";"16"
"19";"검";"U+AC80";"0xE053";"0xE0";"0x53";"19";"304";"0x0130";"16"
"20";"겁";"U+AC81";"0xE054";"0xE0";"0x54";"20";"320";"0x0140";"16"
"21";"것";"U+AC83";"0xE055";"0xE0";"0x55";"21";"336";"0x0150";"16"
"22";"겉";"U+AC89";"0xE056";"0xE0";"0x56";"22";"352";"0x0160";"16"
"23";"겋";"U+AC8B";"0xE057";"0xE0";"0x57";"23";"368";"0x0170";"16"
"24";"게";"U+AC8C";"0xE058";"0xE0";"0x58";"24";"384";"0x0180";"16"
"25";"겐";"U+AC90";"0xE059";"0xE0";"0x59";"25";"400";"0x0190";"16"
"26";"겠";"U+ACA0";"0xE05A";"0xE0";"0x5A";"26";"416";"0x01A0";"16"
"27";"겨";"U+ACA8";"0xE05B";"0xE0";"0x5B";"27";"432";"0x01B0";"16"
"28";"격";"U+ACA9";"0xE05C";"0xE0";"0x5C";"28";"448";"0x01C0";"16"
"29";"겪";"U+ACAA";"0xE05D";"0xE0";"0x5D";"29";"464";"0x01D0";"16"
"30";"견";"U+ACAC";"0xE05E";"0xE0";"0x5E";"30";"480";"0x01E0";"16"
"31";"결";"U+ACB0";"0xE05F";"0xE0";"0x5F";"31";"496";"0x01F0";"16"
"32";"겸";"U+ACB8";"0xE060";"0xE0";"0x60";"32";"512";"0x0200";"16"
"33";"겹";"U+ACB9";"0xE061";"0xE0";"0x61";"33";"528";"0x0210";"16"
"34";"겼";"U+ACBC";"0xE062";"0xE0";"0x62";"34";"544";"0x0220";"16"
"35";"경";"U+ACBD";"0xE063";"0xE0";"0x63";"35";"560";"0x0230";"16"
"36";"곁";"U+ACC1";"0xE064";"0xE0";"0x64";"36";"576";"0x0240";"16"
"37";"계";"U+ACC4";"0xE065";"0xE0";"0x65";"37";"592";"0x0250";"16"
"38";"고";"U+ACE0";"0xE066";"0xE0";"0x66";"38";"608";"0x0260";"16"
"39";"곡";"U+ACE1";"0xE067";"0xE0";"0x67";"39";"624";"0x0270";"16"
"40";"곤";"U+ACE4";"0xE068";"0xE0";"0x68";"40";"640";"0x0280";"16"
"41";"곧";"U+ACE7";"0xE069";"0xE0";"0x69";"41";"656";"0x0290";"16"
"42";"골";"U+ACE8";"0xE06A";"0xE0";"0x6A";"42";"672";"0x02A0";"16"
"43";"곯";"U+ACEF";"0xE06B";"0xE0";"0x6B";"43";"688";"0x02B0";"16"
"44";"곱";"U+ACF1";"0xE06C";"0xE0";"0x6C";"44";"704";"0x02C0";"16"
"45";"곳";"U+ACF3";"0xE06D";"0xE0";"0x6D";"45";"720";"0x02D0";"16"
"46";"공";"U+ACF5";"0xE06E";"0xE0";"0x6E";"46";"736";"0x02E0";"16"
"47";"과";"U+ACFC";"0xE06F";"0xE0";"0x6F";"47";"752";"0x02F0";"16"
"48";"곽";"U+ACFD";"0xE070";"0xE0";"0x70";"48";"768";"0x0300";"16"
"49";"관";"U+AD00";"0xE071";"0xE0";"0x71";"49";"784";"0x0310";"16"
"50";"광";"U+AD11";"0xE072";"0xE0";"0x72";"50";"800";"0x0320";"16"
"51";"괜";"U+AD1C";"0xE073";"0xE0";"0x73";"51";"816";"0x0330";"16"
"52";"괭";"U+AD2D";"0xE074";"0xE0";"0x74";"52";"832";"0x0340";"16"
"53";"괴";"U+AD34";"0xE075";"0xE0";"0x75";"53";"848";"0x0350";"16"
"54";"괸";"U+AD38";"0xE076";"0xE0";"0x76";"54";"864";"0x0360";"16"
"55";"굉";"U+AD49";"0xE077";"0xE0";"0x77";"55";"880";"0x0370";"16"
"56";"교";"U+AD50";"0xE078";"0xE0";"0x78";"56";"896";"0x0380";"16"
"57";"구";"U+AD6C";"0xE079";"0xE0";"0x79";"57";"912";"0x0390";"16"
"58";"국";"U+AD6D";"0xE07A";"0xE0";"0x7A";"58";"928";"0x03A0";"16"
"59";"군";"U+AD70";"0xE07B";"0xE0";"0x7B";"59";"944";"0x03B0";"16"
"60";"굳";"U+AD73";"0xE07C";"0xE0";"0x7C";"60";"960";"0x03C0";"16"
"61";"굴";"U+AD74";"0xE07D";"0xE0";"0x7D";"61";"976";"0x03D0";"16"
"62";"굵";"U+AD75";"0xE07E";"0xE0";"0x7E";"62";"992";"0x03E0";"16"
"63";"굶";"U+AD76";"0xE080";"0xE0";"0x80";"63";"1008";"0x03F0";"16"
"64";"굽";"U+AD7D";"0xE081";"0xE0";"0x81";"64";"1024";"0x0400";"16"
"65";"굿";"U+AD7F";"0xE082";"0xE0";"0x82";"65";"1040";"0x0410";"16"
"66";"궁";"U+AD81";"0xE083";"0xE0";"0x83";"66";"1056";"0x0420";"16"
"67";"권";"U+AD8C";"0xE084";"0xE0";"0x84";"67";"1072";"0x0430";"16"
"68";"귀";"U+ADC0";"0xE085";"0xE0";"0x85";"68";"1088";"0x0440";"16"
"69";"귓";"U+ADD3";"0xE086";"0xE0";"0x86";"69";"1104";"0x0450";"16"
"70";"규";"U+ADDC";"0xE087";"0xE0";"0x87";"70";"1120";"0x0460";"16"
"71";"그";"U+ADF8";"0xE088";"0xE0";"0x88";"71";"1136";"0x0470";"16"
"72";"극";"U+ADF9";"0xE089";"0xE0";"0x89";"72";"1152";"0x0480";"16"
"73";"근";"U+ADFC";"0xE08A";"0xE0";"0x8A";"73";"1168";"0x0490";"16"
"74";"글";"U+AE00";"0xE08B";"0xE0";"0x8B";"74";"1184";"0x04A0";"16"
"75";"금";"U+AE08";"0xE08C";"0xE0";"0x8C";"75";"1200";"0x04B0";"16"
"76";"급";"U+AE09";"0xE08D";"0xE0";"0x8D";"76";"1216";"0x04C0";"16"
"77";"긋";"U+AE0B";"0xE08E";"0xE0";"0x8E";"77";"1232";"0x04D0";"16"
"78";"기";"U+AE30";"0xE08F";"0xE0";"0x8F";"78";"1248";"0x04E0";"16"
"79";"긴";"U+AE34";"0xE090";"0xE0";"0x90";"79";"1264";"0x04F0";"16"
"80";"길";"U+AE38";"0xE091";"0xE0";"0x91";"80";"1280";"0x0500";"16"
"81";"김";"U+AE40";"0xE092";"0xE0";"0x92";"81";"1296";"0x0510";"16"
"82";"깁";"U+AE41";"0xE093";"0xE0";"0x93";"82";"1312";"0x0520";"16"
"83";"깃";"U+AE43";"0xE094";"0xE0";"0x94";"83";"1328";"0x0530";"16"
"84";"깊";"U+AE4A";"0xE095";"0xE0";"0x95";"84";"1344";"0x0540";"16"
"85";"까";"U+AE4C";"0xE096";"0xE0";"0x96";"85";"1360";"0x0550";"16"
"86";"깐";"U+AE50";"0xE097";"0xE0";"0x97";"86";"1376";"0x0560";"16"
"87";"깔";"U+AE54";"0xE098";"0xE0";"0x98";"87";"1392";"0x0570";"16"
"88";"깜";"U+AE5C";"0xE099";"0xE0";"0x99";"88";"1408";"0x0580";"16"
"89";"깝";"U+AE5D";"0xE09A";"0xE0";"0x9A";"89";"1424";"0x0590";"16"
"90";"깥";"U+AE65";"0xE09B";"0xE0";"0x9B";"90";"1440";"0x05A0";"16"
"91";"깨";"U+AE68";"0xE09C";"0xE0";"0x9C";"91";"1456";"0x05B0";"16"
"92";"깰";"U+AE70";"0xE09D";"0xE0";"0x9D";"92";"1472";"0x05C0";"16"
"93";"깼";"U+AE7C";"0xE09E";"0xE0";"0x9E";"93";"1488";"0x05D0";"16"
"94";"꺄";"U+AE84";"0xE09F";"0xE0";"0x9F";"94";"1504";"0x05E0";"16"
"95";"꺼";"U+AEBC";"0xE0A0";"0xE0";"0xA0";"95";"1520";"0x05F0";"16"
"96";"꺾";"U+AEBE";"0xE0A1";"0xE0";"0xA1";"96";"1536";"0x0600";"16"
"97";"껄";"U+AEC4";"0xE0A2";"0xE0";"0xA2";"97";"1552";"0x0610";"16"
"98";"껏";"U+AECF";"0xE0A3";"0xE0";"0xA3";"98";"1568";"0x0620";"16"
"99";"껑";"U+AED1";"0xE0A4";"0xE0";"0xA4";"99";"1584";"0x0630";"16"
"100";"께";"U+AED8";"0xE0A5";"0xE0";"0xA5";"100";"1600";"0x0640";"16"
"101";"껴";"U+AEF4";"0xE0A6";"0xE0";"0xA6";"101";"1616";"0x0650";"16"
"102";"꼈";"U+AF08";"0xE0A7";"0xE0";"0xA7";"102";"1632";"0x0660";"16"
"103";"꼬";"U+AF2C";"0xE0A8";"0xE0";"0xA8";"103";"1648";"0x0670";"16"
"104";"꼭";"U+AF2D";"0xE0A9";"0xE0";"0xA9";"104";"1664";"0x0680";"16"
"105";"꼴";"U+AF34";"0xE0AA";"0xE0";"0xAA";"105";"1680";"0x0690";"16"
"106";"꼼";"U+AF3C";"0xE0AB";"0xE0";"0xAB";"106";"1696";"0x06A0";"16"
"107";"꽂";"U+AF42";"0xE0AC";"0xE0";"0xAC";"107";"1712";"0x06B0";"16"
"108";"꽃";"U+AF43";"0xE0AD";"0xE0";"0xAD";"108";"1728";"0x06C0";"16"
"109";"꽉";"U+AF49";"0xE0AE";"0xE0";"0xAE";"109";"1744";"0x06D0";"16"
"110";"꽤";"U+AF64";"0xE0AF";"0xE0";"0xAF";"110";"1760";"0x06E0";"16"
"111";"꾸";"U+AFB8";"0xE0B0";"0xE0";"0xB0";"111";"1776";"0x06F0";"16"
"112";"꾼";"U+AFBC";"0xE0B1";"0xE0";"0xB1";"112";"1792";"0x0700";"16"
"113";"꿀";"U+AFC0";"0xE0B2";"0xE0";"0xB2";"113";"1808";"0x0710";"16"
"114";"꿈";"U+AFC8";"0xE0B3";"0xE0";"0xB3";"114";"1824";"0x0720";"16"
"115";"꿔";"U+AFD4";"0xE0B4";"0xE0";"0xB4";"115";"1840";"0x0730";"16"
"116";"꿨";"U+AFE8";"0xE0B5";"0xE0";"0xB5";"116";"1856";"0x0740";"16"
"117";"꿰";"U+AFF0";"0xE0B6";"0xE0";"0xB6";"117";"1872";"0x0750";"16"
"118";"뀌";"U+B00C";"0xE0B7";"0xE0";"0xB7";"118";"1888";"0x0760";"16"
"119";"뀔";"U+B014";"0xE0B8";"0xE0";"0xB8";"119";"1904";"0x0770";"16"
"120";"끄";"U+B044";"0xE0B9";"0xE0";"0xB9";"120";"1920";"0x0780";"16"
"121";"끈";"U+B048";"0xE0BA";"0xE0";"0xBA";"121";"1936";"0x0790";"16"
"122";"끊";"U+B04A";"0xE0BB";"0xE0";"0xBB";"122";"1952";"0x07A0";"16"
"123";"끌";"U+B04C";"0xE0BC";"0xE0";"0xBC";"123";"1968";"0x07B0";"16"
"124";"끓";"U+B053";"0xE0BD";"0xE0";"0xBD";"124";"1984";"0x07C0";"16"
"125";"끔";"U+B054";"0xE0BE";"0xE0";"0xBE";"125";"2000";"0x07D0";"16"
"126";"끗";"U+B057";"0xE0BF";"0xE0";"0xBF";"126";"2016";"0x07E0";"16"
"127";"끙";"U+B059";"0xE0C0";"0xE0";"0xC0";"127";"2032";"0x07F0";"16"
"128";"끝";"U+B05D";"0xE0C1";"0xE0";"0xC1";"128";"2048";"0x0800";"16"
"129";"끼";"U+B07C";"0xE0C2";"0xE0";"0xC2";"129";"2064";"0x0810";"16"
"130";"낀";"U+B080";"0xE0C3";"0xE0";"0xC3";"130";"2080";"0x0820";"16"
"131";"낄";"U+B084";"0xE0C4";"0xE0";"0xC4";"131";"2096";"0x0830";"16"
"132";"낌";"U+B08C";"0xE0C5";"0xE0";"0xC5";"132";"2112";"0x0840";"16"
"133";"나";"U+B098";"0xE0C6";"0xE0";"0xC6";"133";"2128";"0x0850";"16"
"134";"낙";"U+B099";"0xE0C7";"0xE0";"0xC7";"134";"2144";"0x0860";"16"
"135";"난";"U+B09C";"0xE0C8";"0xE0";"0xC8";"135";"2160";"0x0870";"16"
"136";"날";"U+B0A0";"0xE0C9";"0xE0";"0xC9";"136";"2176";"0x0880";"16"
"137";"낡";"U+B0A1";"0xE0CA";"0xE0";"0xCA";"137";"2192";"0x0890";"16"
"138";"남";"U+B0A8";"0xE0CB";"0xE0";"0xCB";"138";"2208";"0x08A0";"16"
"139";"납";"U+B0A9";"0xE0CC";"0xE0";"0xCC";"139";"2224";"0x08B0";"16"
"140";"낫";"U+B0AB";"0xE0CD";"0xE0";"0xCD";"140";"2240";"0x08C0";"16"
"141";"났";"U+B0AC";"0xE0CE";"0xE0";"0xCE";"141";"2256";"0x08D0";"16"
"142";"낭";"U+B0AD";"0xE0CF";"0xE0";"0xCF";"142";"2272";"0x08E0";"16"
"143";"낮";"U+B0AE";"0xE0D0";"0xE0";"0xD0";"143";"2288";"0x08F0";"16"
"144";"낯";"U+B0AF";"0xE0D1";"0xE0";"0xD1";"144";"2304";"0x0900";"16"
"145";"낳";"U+B0B3";"0xE0D2";"0xE0";"0xD2";"145";"2320";"0x0910";"16"
"146";"내";"U+B0B4";"0xE0D3";"0xE0";"0xD3";"146";"2336";"0x0920";"16"
"147";"낸";"U+B0B8";"0xE0D4";"0xE0";"0xD4";"147";"2352";"0x0930";"16"
"148";"낼";"U+B0BC";"0xE0D5";"0xE0";"0xD5";"148";"2368";"0x0940";"16"
"149";"냄";"U+B0C4";"0xE0D6";"0xE0";"0xD6";"149";"2384";"0x0950";"16"
"150";"냅";"U+B0C5";"0xE0D7";"0xE0";"0xD7";"150";"2400";"0x0960";"16"
"151";"냈";"U+B0C8";"0xE0D8";"0xE0";"0xD8";"151";"2416";"0x0970";"16"
"152";"냉";"U+B0C9";"0xE0D9";"0xE0";"0xD9";"152";"2432";"0x0980";"16"
"153";"냐";"U+B0D0";"0xE0DA";"0xE0";"0xDA";"153";"2448";"0x0990";"16"
"154";"냥";"U+B0E5";"0xE0DB";"0xE0";"0xDB";"154";"2464";"0x09A0";"16"
"155";"너";"U+B108";"0xE0DC";"0xE0";"0xDC";"155";"2480";"0x09B0";"16"
"156";"넋";"U+B10B";"0xE0DD";"0xE0";"0xDD";"156";"2496";"0x09C0";"16"
"157";"넌";"U+B10C";"0xE0DE";"0xE0";"0xDE";"157";"2512";"0x09D0";"16"
"158";"널";"U+B110";"0xE0DF";"0xE0";"0xDF";"158";"2528";"0x09E0";"16"
"159";"넓";"U+B113";"0xE0E0";"0xE0";"0xE0";"159";"2544";"0x09F0";"16"
"160";"넘";"U+B118";"0xE0E1";"0xE0";"0xE1";"160";"2560";"0x0A00";"16"
"161";"넜";"U+B11C";"0xE0E2";"0xE0";"0xE2";"161";"2576";"0x0A10";"16"
"162";"넣";"U+B123";"0xE0E3";"0xE0";"0xE3";"162";"2592";"0x0A20";"16"
"163";"네";"U+B124";"0xE0E4";"0xE0";"0xE4";"163";"2608";"0x0A30";"16"
"164";"넨";"U+B128";"0xE0E5";"0xE0";"0xE5";"164";"2624";"0x0A40";"16"
"165";"넬";"U+B12C";"0xE0E6";"0xE0";"0xE6";"165";"2640";"0x0A50";"16"
"166";"넵";"U+B135";"0xE0E7";"0xE0";"0xE7";"166";"2656";"0x0A60";"16"
"167";"넸";"U+B138";"0xE0E8";"0xE0";"0xE8";"167";"2672";"0x0A70";"16"
"168";"녀";"U+B140";"0xE0E9";"0xE0";"0xE9";"168";"2688";"0x0A80";"16"
"169";"녁";"U+B141";"0xE0EA";"0xE0";"0xEA";"169";"2704";"0x0A90";"16"
"170";"년";"U+B144";"0xE0EB";"0xE0";"0xEB";"170";"2720";"0x0AA0";"16"
"171";"념";"U+B150";"0xE0EC";"0xE0";"0xEC";"171";"2736";"0x0AB0";"16"
"172";"녔";"U+B154";"0xE0ED";"0xE0";"0xED";"172";"2752";"0x0AC0";"16"
"173";"녕";"U+B155";"0xE0EE";"0xE0";"0xEE";"173";"2768";"0x0AD0";"16"
"174";"노";"U+B178";"0xE0EF";"0xE0";"0xEF";"174";"2784";"0x0AE0";"16"
"175";"녹";"U+B179";"0xE0F0";"0xE0";"0xF0";"175";"2800";"0x0AF0";"16"
"176";"논";"U+B17C";"0xE0F1";"0xE0";"0xF1";"176";"2816";"0x0B00";"16"
"177";"놀";"U+B180";"0xE0F2";"0xE0";"0xF2";"177";"2832";"0x0B10";"16"
"178";"놈";"U+B188";"0xE0F3";"0xE0";"0xF3";"178";"2848";"0x0B20";"16"
"179";"농";"U+B18D";"0xE0F4";"0xE0";"0xF4";"179";"2864";"0x0B30";"16"
"180";"높";"U+B192";"0xE0F5";"0xE0";"0xF5";"180";"2880";"0x0B40";"16"
"181";"놓";"U+B193";"0xE0F6";"0xE0";"0xF6";"181";"2896";"0x0B50";"16"
"182";"놔";"U+B194";"0xE0F7";"0xE0";"0xF7";"182";"2912";"0x0B60";"16"
"183";"놨";"U+B1A8";"0xE0F8";"0xE0";"0xF8";"183";"2928";"0x0B70";"16"
"184";"뇌";"U+B1CC";"0xE0F9";"0xE0";"0xF9";"184";"2944";"0x0B80";"16"
"185";"뇨";"U+B1E8";"0xE0FA";"0xE0";"0xFA";"185";"2960";"0x0B90";"16"
"186";"누";"U+B204";"0xE0FB";"0xE0";"0xFB";"186";"2976";"0x0BA0";"16"
"187";"눈";"U+B208";"0xE0FC";"0xE0";"0xFC";"187";"2992";"0x0BB0";"16"
"188";"눌";"U+B20C";"0xE140";"0xE1";"0x40";"188";"3008";"0x0BC0";"16"
"189";"눕";"U+B215";"0xE141";"0xE1";"0x41";"189";"3024";"0x0BD0";"16"
"190";"눠";"U+B220";"0xE142";"0xE1";"0x42";"190";"3040";"0x0BE0";"16"
"191";"눴";"U+B234";"0xE143";"0xE1";"0x43";"191";"3056";"0x0BF0";"16"
"192";"뉘";"U+B258";"0xE144";"0xE1";"0x44";"192";"3072";"0x0C00";"16"
"193";"뉜";"U+B25C";"0xE145";"0xE1";"0x45";"193";"3088";"0x0C10";"16"
"194";"뉴";"U+B274";"0xE146";"0xE1";"0x46";"194";"3104";"0x0C20";"16"
"195";"느";"U+B290";"0xE147";"0xE1";"0x47";"195";"3120";"0x0C30";"16"
"196";"는";"U+B294";"0xE148";"0xE1";"0x48";"196";"3136";"0x0C40";"16"
"197";"늘";"U+B298";"0xE149";"0xE1";"0x49";"197";"3152";"0x0C50";"16"
"198";"늙";"U+B299";"0xE14A";"0xE1";"0x4A";"198";"3168";"0x0C60";"16"
"199";"능";"U+B2A5";"0xE14B";"0xE1";"0x4B";"199";"3184";"0x0C70";"16"
"200";"늦";"U+B2A6";"0xE14C";"0xE1";"0x4C";"200";"3200";"0x0C80";"16"
"201";"늬";"U+B2AC";"0xE14D";"0xE1";"0x4D";"201";"3216";"0x0C90";"16"
"202";"니";"U+B2C8";"0xE14E";"0xE1";"0x4E";"202";"3232";"0x0CA0";"16"
"203";"닉";"U+B2C9";"0xE14F";"0xE1";"0x4F";"203";"3248";"0x0CB0";"16"
"204";"닌";"U+B2CC";"0xE150";"0xE1";"0x50";"204";"3264";"0x0CC0";"16"
"205";"닐";"U+B2D0";"0xE151";"0xE1";"0x51";"205";"3280";"0x0CD0";"16"
"206";"님";"U+B2D8";"0xE152";"0xE1";"0x52";"206";"3296";"0x0CE0";"16"
"207";"닙";"U+B2D9";"0xE153";"0xE1";"0x53";"207";"3312";"0x0CF0";"16"
"208";"닛";"U+B2DB";"0xE154";"0xE1";"0x54";"208";"3328";"0x0D00";"16"
"209";"닝";"U+B2DD";"0xE155";"0xE1";"0x55";"209";"3344";"0x0D10";"16"
"210";"다";"U+B2E4";"0xE156";"0xE1";"0x56";"210";"3360";"0x0D20";"16"
"211";"닥";"U+B2E5";"0xE157";"0xE1";"0x57";"211";"3376";"0x0D30";"16"
"212";"닦";"U+B2E6";"0xE158";"0xE1";"0x58";"212";"3392";"0x0D40";"16"
"213";"단";"U+B2E8";"0xE159";"0xE1";"0x59";"213";"3408";"0x0D50";"16"
"214";"닫";"U+B2EB";"0xE15A";"0xE1";"0x5A";"214";"3424";"0x0D60";"16"
"215";"달";"U+B2EC";"0xE15B";"0xE1";"0x5B";"215";"3440";"0x0D70";"16"
"216";"닮";"U+B2EE";"0xE15C";"0xE1";"0x5C";"216";"3456";"0x0D80";"16"
"217";"담";"U+B2F4";"0xE15D";"0xE1";"0x5D";"217";"3472";"0x0D90";"16"
"218";"답";"U+B2F5";"0xE15E";"0xE1";"0x5E";"218";"3488";"0x0DA0";"16"
"219";"닷";"U+B2F7";"0xE15F";"0xE1";"0x5F";"219";"3504";"0x0DB0";"16"
"220";"당";"U+B2F9";"0xE160";"0xE1";"0x60";"220";"3520";"0x0DC0";"16"
"221";"닿";"U+B2FF";"0xE161";"0xE1";"0x61";"221";"3536";"0x0DD0";"16"
"222";"대";"U+B300";"0xE162";"0xE1";"0x62";"222";"3552";"0x0DE0";"16"
"223";"댄";"U+B304";"0xE163";"0xE1";"0x63";"223";"3568";"0x0DF0";"16"
"224";"댈";"U+B308";"0xE164";"0xE1";"0x64";"224";"3584";"0x0E00";"16"
"225";"댔";"U+B314";"0xE165";"0xE1";"0x65";"225";"3600";"0x0E10";"16"
"226";"댕";"U+B315";"0xE166";"0xE1";"0x66";"226";"3616";"0x0E20";"16"
"227";"더";"U+B354";"0xE167";"0xE1";"0x67";"227";"3632";"0x0E30";"16"
"228";"덕";"U+B355";"0xE168";"0xE1";"0x68";"228";"3648";"0x0E40";"16"
"229";"던";"U+B358";"0xE169";"0xE1";"0x69";"229";"3664";"0x0E50";"16"
"230";"덜";"U+B35C";"0xE16A";"0xE1";"0x6A";"230";"3680";"0x0E60";"16"
"231";"덤";"U+B364";"0xE16B";"0xE1";"0x6B";"231";"3696";"0x0E70";"16"
"232";"덩";"U+B369";"0xE16C";"0xE1";"0x6C";"232";"3712";"0x0E80";"16"
"233";"덫";"U+B36B";"0xE16D";"0xE1";"0x6D";"233";"3728";"0x0E90";"16"
"234";"덮";"U+B36E";"0xE16E";"0xE1";"0x6E";"234";"3744";"0x0EA0";"16"
"235";"데";"U+B370";"0xE16F";"0xE1";"0x6F";"235";"3760";"0x0EB0";"16"
"236";"뎌";"U+B38C";"0xE170";"0xE1";"0x70";"236";"3776";"0x0EC0";"16"
"237";"뎠";"U+B3A0";"0xE171";"0xE1";"0x71";"237";"3792";"0x0ED0";"16"
"238";"도";"U+B3C4";"0xE172";"0xE1";"0x72";"238";"3808";"0x0EE0";"16"
"239";"독";"U+B3C5";"0xE173";"0xE1";"0x73";"239";"3824";"0x0EF0";"16"
"240";"돈";"U+B3C8";"0xE174";"0xE1";"0x74";"240";"3840";"0x0F00";"16"
"241";"돋";"U+B3CB";"0xE175";"0xE1";"0x75";"241";"3856";"0x0F10";"16"
"242";"돌";"U+B3CC";"0xE176";"0xE1";"0x76";"242";"3872";"0x0F20";"16"
"243";"돔";"U+B3D4";"0xE177";"0xE1";"0x77";"243";"3888";"0x0F30";"16"
"244";"돕";"U+B3D5";"0xE178";"0xE1";"0x78";"244";"3904";"0x0F40";"16"
"245";"동";"U+B3D9";"0xE179";"0xE1";"0x79";"245";"3920";"0x0F50";"16"
"246";"돼";"U+B3FC";"0xE17A";"0xE1";"0x7A";"246";"3936";"0x0F60";"16"
"247";"됐";"U+B410";"0xE17B";"0xE1";"0x7B";"247";"3952";"0x0F70";"16"
"248";"되";"U+B418";"0xE17C";"0xE1";"0x7C";"248";"3968";"0x0F80";"16"
"249";"된";"U+B41C";"0xE17D";"0xE1";"0x7D";"249";"3984";"0x0F90";"16"
"250";"될";"U+B420";"0xE17E";"0xE1";"0x7E";"250";"4000";"0x0FA0";"16"
"251";"됩";"U+B429";"0xE180";"0xE1";"0x80";"251";"4016";"0x0FB0";"16"
"252";"두";"U+B450";"0xE181";"0xE1";"0x81";"252";"4032";"0x0FC0";"16"
"253";"둑";"U+B451";"0xE182";"0xE1";"0x82";"253";"4048";"0x0FD0";"16"
"254";"둔";"U+B454";"0xE183";"0xE1";"0x83";"254";"4064";"0x0FE0";"16"
"255";"둘";"U+B458";"0xE184";"0xE1";"0x84";"255";"4080";"0x0FF0";"16"
"256";"둠";"U+B460";"0xE185";"0xE1";"0x85";"256";"4096";"0x1000";"16"
"257";"둡";"U+B461";"0xE186";"0xE1";"0x86";"257";"4112";"0x1010";"16"
"258";"둥";"U+B465";"0xE187";"0xE1";"0x87";"258";"4128";"0x1020";"16"
"259";"둬";"U+B46C";"0xE188";"0xE1";"0x88";"259";"4144";"0x1030";"16"
"260";"뒀";"U+B480";"0xE189";"0xE1";"0x89";"260";"4160";"0x1040";"16"
"261";"뒤";"U+B4A4";"0xE18A";"0xE1";"0x8A";"261";"4176";"0x1050";"16"
"262";"뒷";"U+B4B7";"0xE18B";"0xE1";"0x8B";"262";"4192";"0x1060";"16"
"263";"뒹";"U+B4B9";"0xE18C";"0xE1";"0x8C";"263";"4208";"0x1070";"16"
"264";"듀";"U+B4C0";"0xE18D";"0xE1";"0x8D";"264";"4224";"0x1080";"16"
"265";"드";"U+B4DC";"0xE18E";"0xE1";"0x8E";"265";"4240";"0x1090";"16"
"266";"득";"U+B4DD";"0xE18F";"0xE1";"0x8F";"266";"4256";"0x10A0";"16"
"267";"든";"U+B4E0";"0xE190";"0xE1";"0x90";"267";"4272";"0x10B0";"16"
"268";"듣";"U+B4E3";"0xE191";"0xE1";"0x91";"268";"4288";"0x10C0";"16"
"269";"들";"U+B4E4";"0xE192";"0xE1";"0x92";"269";"4304";"0x10D0";"16"
"270";"듬";"U+B4EC";"0xE193";"0xE1";"0x93";"270";"4320";"0x10E0";"16"
"271";"듯";"U+B4EF";"0xE194";"0xE1";"0x94";"271";"4336";"0x10F0";"16"
"272";"등";"U+B4F1";"0xE195";"0xE1";"0x95";"272";"4352";"0x1100";"16"
"273";"디";"U+B514";"0xE196";"0xE1";"0x96";"273";"4368";"0x1110";"16"
"274";"딘";"U+B518";"0xE197";"0xE1";"0x97";"274";"4384";"0x1120";"16"
"275";"딜";"U+B51C";"0xE198";"0xE1";"0x98";"275";"4400";"0x1130";"16"
"276";"딩";"U+B529";"0xE199";"0xE1";"0x99";"276";"4416";"0x1140";"16"
"277";"딪";"U+B52A";"0xE19A";"0xE1";"0x9A";"277";"4432";"0x1150";"16"
"278";"따";"U+B530";"0xE19B";"0xE1";"0x9B";"278";"4448";"0x1160";"16"
"279";"딱";"U+B531";"0xE19C";"0xE1";"0x9C";"279";"4464";"0x1170";"16"
"280";"딴";"U+B534";"0xE19D";"0xE1";"0x9D";"280";"4480";"0x1180";"16"
"281";"땀";"U+B540";"0xE19E";"0xE1";"0x9E";"281";"4496";"0x1190";"16"
"282";"땅";"U+B545";"0xE19F";"0xE1";"0x9F";"282";"4512";"0x11A0";"16"
"283";"때";"U+B54C";"0xE1A0";"0xE1";"0xA0";"283";"4528";"0x11B0";"16"
"284";"땠";"U+B560";"0xE1A1";"0xE1";"0xA1";"284";"4544";"0x11C0";"16"
"285";"떠";"U+B5A0";"0xE1A2";"0xE1";"0xA2";"285";"4560";"0x11D0";"16"
"286";"떡";"U+B5A1";"0xE1A3";"0xE1";"0xA3";"286";"4576";"0x11E0";"16"
"287";"떤";"U+B5A4";"0xE1A4";"0xE1";"0xA4";"287";"4592";"0x11F0";"16"
"288";"떨";"U+B5A8";"0xE1A5";"0xE1";"0xA5";"288";"4608";"0x1200";"16"
"289";"떴";"U+B5B4";"0xE1A6";"0xE1";"0xA6";"289";"4624";"0x1210";"16"
"290";"떻";"U+B5BB";"0xE1A7";"0xE1";"0xA7";"290";"4640";"0x1220";"16"
"291";"떼";"U+B5BC";"0xE1A8";"0xE1";"0xA8";"291";"4656";"0x1230";"16"
"292";"뗀";"U+B5C0";"0xE1A9";"0xE1";"0xA9";"292";"4672";"0x1240";"16"
"293";"또";"U+B610";"0xE1AA";"0xE1";"0xAA";"293";"4688";"0x1250";"16"
"294";"똑";"U+B611";"0xE1AB";"0xE1";"0xAB";"294";"4704";"0x1260";"16"
"295";"똥";"U+B625";"0xE1AC";"0xE1";"0xAC";"295";"4720";"0x1270";"16"
"296";"뚜";"U+B69C";"0xE1AD";"0xE1";"0xAD";"296";"4736";"0x1280";"16"
"297";"뚝";"U+B69D";"0xE1AE";"0xE1";"0xAE";"297";"4752";"0x1290";"16"
"298";"뚫";"U+B6AB";"0xE1AF";"0xE1";"0xAF";"298";"4768";"0x12A0";"16"
"299";"뚱";"U+B6B1";"0xE1B0";"0xE1";"0xB0";"299";"4784";"0x12B0";"16"
"300";"뛰";"U+B6F0";"0xE1B1";"0xE1";"0xB1";"300";"4800";"0x12C0";"16"
"301";"뜨";"U+B728";"0xE1B2";"0xE1";"0xB2";"301";"4816";"0x12D0";"16"
"302";"뜩";"U+B729";"0xE1B3";"0xE1";"0xB3";"302";"4832";"0x12E0";"16"
"303";"뜬";"U+B72C";"0xE1B4";"0xE1";"0xB4";"303";"4848";"0x12F0";"16"
"304";"뜯";"U+B72F";"0xE1B5";"0xE1";"0xB5";"304";"4864";"0x1300";"16"
"305";"뜰";"U+B730";"0xE1B6";"0xE1";"0xB6";"305";"4880";"0x1310";"16"
"306";"뜻";"U+B73B";"0xE1B7";"0xE1";"0xB7";"306";"4896";"0x1320";"16"
"307";"띄";"U+B744";"0xE1B8";"0xE1";"0xB8";"307";"4912";"0x1330";"16"
"308";"띠";"U+B760";"0xE1B9";"0xE1";"0xB9";"308";"4928";"0x1340";"16"
"309";"띤";"U+B764";"0xE1BA";"0xE1";"0xBA";"309";"4944";"0x1350";"16"
"310";"라";"U+B77C";"0xE1BB";"0xE1";"0xBB";"310";"4960";"0x1360";"16"
"311";"락";"U+B77D";"0xE1BC";"0xE1";"0xBC";"311";"4976";"0x1370";"16"
"312";"란";"U+B780";"0xE1BD";"0xE1";"0xBD";"312";"4992";"0x1380";"16"
"313";"랄";"U+B784";"0xE1BE";"0xE1";"0xBE";"313";"5008";"0x1390";"16"
"314";"람";"U+B78C";"0xE1BF";"0xE1";"0xBF";"314";"5024";"0x13A0";"16"
"315";"랍";"U+B78D";"0xE1C0";"0xE1";"0xC0";"315";"5040";"0x13B0";"16"
"316";"랐";"U+B790";"0xE1C1";"0xE1";"0xC1";"316";"5056";"0x13C0";"16"
"317";"랑";"U+B791";"0xE1C2";"0xE1";"0xC2";"317";"5072";"0x13D0";"16"
"318";"래";"U+B798";"0xE1C3";"0xE1";"0xC3";"318";"5088";"0x13E0";"16"
"319";"랜";"U+B79C";"0xE1C4";"0xE1";"0xC4";"319";"5104";"0x13F0";"16"
"320";"램";"U+B7A8";"0xE1C5";"0xE1";"0xC5";"320";"5120";"0x1400";"16"
"321";"랫";"U+B7AB";"0xE1C6";"0xE1";"0xC6";"321";"5136";"0x1410";"16"
"322";"랬";"U+B7AC";"0xE1C7";"0xE1";"0xC7";"322";"5152";"0x1420";"16"
"323";"략";"U+B7B5";"0xE1C8";"0xE1";"0xC8";"323";"5168";"0x1430";"16"
"324";"량";"U+B7C9";"0xE1C9";"0xE1";"0xC9";"324";"5184";"0x1440";"16"
"325";"러";"U+B7EC";"0xE1CA";"0xE1";"0xCA";"325";"5200";"0x1450";"16"
"326";"럭";"U+B7ED";"0xE1CB";"0xE1";"0xCB";"326";"5216";"0x1460";"16"
"327";"런";"U+B7F0";"0xE1CC";"0xE1";"0xCC";"327";"5232";"0x1470";"16"
"328";"럴";"U+B7F4";"0xE1CD";"0xE1";"0xCD";"328";"5248";"0x1480";"16"
"329";"럼";"U+B7FC";"0xE1CE";"0xE1";"0xCE";"329";"5264";"0x1490";"16"
"330";"럽";"U+B7FD";"0xE1CF";"0xE1";"0xCF";"330";"5280";"0x14A0";"16"
"331";"렀";"U+B800";"0xE1D0";"0xE1";"0xD0";"331";"5296";"0x14B0";"16"
"332";"렁";"U+B801";"0xE1D1";"0xE1";"0xD1";"332";"5312";"0x14C0";"16"
"333";"렇";"U+B807";"0xE1D2";"0xE1";"0xD2";"333";"5328";"0x14D0";"16"
"334";"레";"U+B808";"0xE1D3";"0xE1";"0xD3";"334";"5344";"0x14E0";"16"
"335";"렉";"U+B809";"0xE1D4";"0xE1";"0xD4";"335";"5360";"0x14F0";"16"
"336";"렌";"U+B80C";"0xE1D5";"0xE1";"0xD5";"336";"5376";"0x1500";"16"
"337";"렘";"U+B818";"0xE1D6";"0xE1";"0xD6";"337";"5392";"0x1510";"16"
"338";"려";"U+B824";"0xE1D7";"0xE1";"0xD7";"338";"5408";"0x1520";"16"
"339";"력";"U+B825";"0xE1D8";"0xE1";"0xD8";"339";"5424";"0x1530";"16"
"340";"련";"U+B828";"0xE1D9";"0xE1";"0xD9";"340";"5440";"0x1540";"16"
"341";"렬";"U+B82C";"0xE1DA";"0xE1";"0xDA";"341";"5456";"0x1550";"16"
"342";"렴";"U+B834";"0xE1DB";"0xE1";"0xDB";"342";"5472";"0x1560";"16"
"343";"렵";"U+B835";"0xE1DC";"0xE1";"0xDC";"343";"5488";"0x1570";"16"
"344";"렷";"U+B837";"0xE1DD";"0xE1";"0xDD";"344";"5504";"0x1580";"16"
"345";"렸";"U+B838";"0xE1DE";"0xE1";"0xDE";"345";"5520";"0x1590";"16"
"346";"령";"U+B839";"0xE1DF";"0xE1";"0xDF";"346";"5536";"0x15A0";"16"
"347";"례";"U+B840";"0xE1E0";"0xE1";"0xE0";"347";"5552";"0x15B0";"16"
"348";"로";"U+B85C";"0xE1E1";"0xE1";"0xE1";"348";"5568";"0x15C0";"16"
"349";"록";"U+B85D";"0xE1E2";"0xE1";"0xE2";"349";"5584";"0x15D0";"16"
"350";"론";"U+B860";"0xE1E3";"0xE1";"0xE3";"350";"5600";"0x15E0";"16"
"351";"롭";"U+B86D";"0xE1E4";"0xE1";"0xE4";"351";"5616";"0x15F0";"16"
"352";"롱";"U+B871";"0xE1E5";"0xE1";"0xE5";"352";"5632";"0x1600";"16"
"353";"뢰";"U+B8B0";"0xE1E6";"0xE1";"0xE6";"353";"5648";"0x1610";"16"
"354";"료";"U+B8CC";"0xE1E7";"0xE1";"0xE7";"354";"5664";"0x1620";"16"
"355";"루";"U+B8E8";"0xE1E8";"0xE1";"0xE8";"355";"5680";"0x1630";"16"
"356";"룩";"U+B8E9";"0xE1E9";"0xE1";"0xE9";"356";"5696";"0x1640";"16"
"357";"룬";"U+B8EC";"0xE1EA";"0xE1";"0xEA";"357";"5712";"0x1650";"16"
"358";"룰";"U+B8F0";"0xE1EB";"0xE1";"0xEB";"358";"5728";"0x1660";"16"
"359";"룸";"U+B8F8";"0xE1EC";"0xE1";"0xEC";"359";"5744";"0x1670";"16"
"360";"룻";"U+B8FB";"0xE1ED";"0xE1";"0xED";"360";"5760";"0x1680";"16"
"361";"뤄";"U+B904";"0xE1EE";"0xE1";"0xEE";"361";"5776";"0x1690";"16"
"362";"뤼";"U+B93C";"0xE1EF";"0xE1";"0xEF";"362";"5792";"0x16A0";"16"
"363";"류";"U+B958";"0xE1F0";"0xE1";"0xF0";"363";"5808";"0x16B0";"16"
"364";"륨";"U+B968";"0xE1F1";"0xE1";"0xF1";"364";"5824";"0x16C0";"16"
"365";"륭";"U+B96D";"0xE1F2";"0xE1";"0xF2";"365";"5840";"0x16D0";"16"
"366";"르";"U+B974";"0xE1F3";"0xE1";"0xF3";"366";"5856";"0x16E0";"16"
"367";"른";"U+B978";"0xE1F4";"0xE1";"0xF4";"367";"5872";"0x16F0";"16"
"368";"를";"U+B97C";"0xE1F5";"0xE1";"0xF5";"368";"5888";"0x1700";"16"
"369";"름";"U+B984";"0xE1F6";"0xE1";"0xF6";"369";"5904";"0x1710";"16"
"370";"릅";"U+B985";"0xE1F7";"0xE1";"0xF7";"370";"5920";"0x1720";"16"
"371";"릇";"U+B987";"0xE1F8";"0xE1";"0xF8";"371";"5936";"0x1730";"16"
"372";"릎";"U+B98E";"0xE1F9";"0xE1";"0xF9";"372";"5952";"0x1740";"16"
"373";"리";"U+B9AC";"0xE1FA";"0xE1";"0xFA";"373";"5968";"0x1750";"16"
"374";"릭";"U+B9AD";"0xE1FB";"0xE1";"0xFB";"374";"5984";"0x1760";"16"
"375";"린";"U+B9B0";"0xE1FC";"0xE1";"0xFC";"375";"6000";"0x1770";"16"
"376";"릴";"U+B9B4";"0xE240";"0xE2";"0x40";"376";"6016";"0x1780";"16"
"377";"림";"U+B9BC";"0xE241";"0xE2";"0x41";"377";"6032";"0x1790";"16"
"378";"립";"U+B9BD";"0xE242";"0xE2";"0x42";"378";"6048";"0x17A0";"16"
"379";"릿";"U+B9BF";"0xE243";"0xE2";"0x43";"379";"6064";"0x17B0";"16"
"380";"링";"U+B9C1";"0xE244";"0xE2";"0x44";"380";"6080";"0x17C0";"16"
"381";"마";"U+B9C8";"0xE245";"0xE2";"0x45";"381";"6096";"0x17D0";"16"
"382";"막";"U+B9C9";"0xE246";"0xE2";"0x46";"382";"6112";"0x17E0";"16"
"383";"만";"U+B9CC";"0xE247";"0xE2";"0x47";"383";"6128";"0x17F0";"16"
"384";"많";"U+B9CE";"0xE248";"0xE2";"0x48";"384";"6144";"0x1800";"16"
"385";"말";"U+B9D0";"0xE249";"0xE2";"0x49";"385";"6160";"0x1810";"16"
"386";"맑";"U+B9D1";"0xE24A";"0xE2";"0x4A";"386";"6176";"0x1820";"16"
"387";"맙";"U+B9D9";"0xE24B";"0xE2";"0x4B";"387";"6192";"0x1830";"16"
"388";"맛";"U+B9DB";"0xE24C";"0xE2";"0x4C";"388";"6208";"0x1840";"16"
"389";"망";"U+B9DD";"0xE24D";"0xE2";"0x4D";"389";"6224";"0x1850";"16"
"390";"맞";"U+B9DE";"0xE24E";"0xE2";"0x4E";"390";"6240";"0x1860";"16"
"391";"맡";"U+B9E1";"0xE24F";"0xE2";"0x4F";"391";"6256";"0x1870";"16"
"392";"맣";"U+B9E3";"0xE250";"0xE2";"0x50";"392";"6272";"0x1880";"16"
"393";"매";"U+B9E4";"0xE251";"0xE2";"0x51";"393";"6288";"0x1890";"16"
"394";"맥";"U+B9E5";"0xE252";"0xE2";"0x52";"394";"6304";"0x18A0";"16"
"395";"맨";"U+B9E8";"0xE253";"0xE2";"0x53";"395";"6320";"0x18B0";"16"
"396";"맴";"U+B9F4";"0xE254";"0xE2";"0x54";"396";"6336";"0x18C0";"16"
"397";"맷";"U+B9F7";"0xE255";"0xE2";"0x55";"397";"6352";"0x18D0";"16"
"398";"맸";"U+B9F8";"0xE256";"0xE2";"0x56";"398";"6368";"0x18E0";"16"
"399";"맹";"U+B9F9";"0xE257";"0xE2";"0x57";"399";"6384";"0x18F0";"16"
"400";"맺";"U+B9FA";"0xE258";"0xE2";"0x58";"400";"6400";"0x1900";"16"
"401";"머";"U+BA38";"0xE259";"0xE2";"0x59";"401";"6416";"0x1910";"16"
"402";"먹";"U+BA39";"0xE25A";"0xE2";"0x5A";"402";"6432";"0x1920";"16"
"403";"먼";"U+BA3C";"0xE25B";"0xE2";"0x5B";"403";"6448";"0x1930";"16"
"404";"멀";"U+BA40";"0xE25C";"0xE2";"0x5C";"404";"6464";"0x1940";"16"
"405";"멈";"U+BA48";"0xE25D";"0xE2";"0x5D";"405";"6480";"0x1950";"16"
"406";"멋";"U+BA4B";"0xE25E";"0xE2";"0x5E";"406";"6496";"0x1960";"16"
"407";"멍";"U+BA4D";"0xE25F";"0xE2";"0x5F";"407";"6512";"0x1970";"16"
"408";"멎";"U+BA4E";"0xE260";"0xE2";"0x60";"408";"6528";"0x1980";"16"
"409";"메";"U+BA54";"0xE261";"0xE2";"0x61";"409";"6544";"0x1990";"16"
"410";"멘";"U+BA58";"0xE262";"0xE2";"0x62";"410";"6560";"0x19A0";"16"
"411";"멜";"U+BA5C";"0xE263";"0xE2";"0x63";"411";"6576";"0x19B0";"16"
"412";"멤";"U+BA64";"0xE264";"0xE2";"0x64";"412";"6592";"0x19C0";"16"
"413";"며";"U+BA70";"0xE265";"0xE2";"0x65";"413";"6608";"0x19D0";"16"
"414";"면";"U+BA74";"0xE266";"0xE2";"0x66";"414";"6624";"0x19E0";"16"
"415";"멸";"U+BA78";"0xE267";"0xE2";"0x67";"415";"6640";"0x19F0";"16"
"416";"명";"U+BA85";"0xE268";"0xE2";"0x68";"416";"6656";"0x1A00";"16"
"417";"몇";"U+BA87";"0xE269";"0xE2";"0x69";"417";"6672";"0x1A10";"16"
"418";"모";"U+BAA8";"0xE26A";"0xE2";"0x6A";"418";"6688";"0x1A20";"16"
"419";"목";"U+BAA9";"0xE26B";"0xE2";"0x6B";"419";"6704";"0x1A30";"16"
"420";"몫";"U+BAAB";"0xE26C";"0xE2";"0x6C";"420";"6720";"0x1A40";"16"
"421";"몰";"U+BAB0";"0xE26D";"0xE2";"0x6D";"421";"6736";"0x1A50";"16"
"422";"몸";"U+BAB8";"0xE26E";"0xE2";"0x6E";"422";"6752";"0x1A60";"16"
"423";"몹";"U+BAB9";"0xE26F";"0xE2";"0x6F";"423";"6768";"0x1A70";"16"
"424";"못";"U+BABB";"0xE270";"0xE2";"0x70";"424";"6784";"0x1A80";"16"
"425";"몽";"U+BABD";"0xE271";"0xE2";"0x71";"425";"6800";"0x1A90";"16"
"426";"묘";"U+BB18";"0xE272";"0xE2";"0x72";"426";"6816";"0x1AA0";"16"
"427";"무";"U+BB34";"0xE273";"0xE2";"0x73";"427";"6832";"0x1AB0";"16"
"428";"묵";"U+BB35";"0xE274";"0xE2";"0x74";"428";"6848";"0x1AC0";"16"
"429";"묶";"U+BB36";"0xE275";"0xE2";"0x75";"429";"6864";"0x1AD0";"16"
"430";"문";"U+BB38";"0xE276";"0xE2";"0x76";"430";"6880";"0x1AE0";"16"
"431";"묻";"U+BB3B";"0xE277";"0xE2";"0x77";"431";"6896";"0x1AF0";"16"
"432";"물";"U+BB3C";"0xE278";"0xE2";"0x78";"432";"6912";"0x1B00";"16"
"433";"뭇";"U+BB47";"0xE279";"0xE2";"0x79";"433";"6928";"0x1B10";"16"
"434";"뭐";"U+BB50";"0xE27A";"0xE2";"0x7A";"434";"6944";"0x1B20";"16"
"435";"뭔";"U+BB54";"0xE27B";"0xE2";"0x7B";"435";"6960";"0x1B30";"16"
"436";"뭘";"U+BB58";"0xE27C";"0xE2";"0x7C";"436";"6976";"0x1B40";"16"
"437";"뭣";"U+BB63";"0xE27D";"0xE2";"0x7D";"437";"6992";"0x1B50";"16"
"438";"뮤";"U+BBA4";"0xE27E";"0xE2";"0x7E";"438";"7008";"0x1B60";"16"
"439";"미";"U+BBF8";"0xE280";"0xE2";"0x80";"439";"7024";"0x1B70";"16"
"440";"민";"U+BBFC";"0xE281";"0xE2";"0x81";"440";"7040";"0x1B80";"16"
"441";"믿";"U+BBFF";"0xE282";"0xE2";"0x82";"441";"7056";"0x1B90";"16"
"442";"밀";"U+BC00";"0xE283";"0xE2";"0x83";"442";"7072";"0x1BA0";"16"
"443";"밌";"U+BC0C";"0xE284";"0xE2";"0x84";"443";"7088";"0x1BB0";"16"
"444";"밍";"U+BC0D";"0xE285";"0xE2";"0x85";"444";"7104";"0x1BC0";"16"
"445";"및";"U+BC0F";"0xE286";"0xE2";"0x86";"445";"7120";"0x1BD0";"16"
"446";"밑";"U+BC11";"0xE287";"0xE2";"0x87";"446";"7136";"0x1BE0";"16"
"447";"바";"U+BC14";"0xE288";"0xE2";"0x88";"447";"7152";"0x1BF0";"16"
"448";"박";"U+BC15";"0xE289";"0xE2";"0x89";"448";"7168";"0x1C00";"16"
"449";"밖";"U+BC16";"0xE28A";"0xE2";"0x8A";"449";"7184";"0x1C10";"16"
"450";"반";"U+BC18";"0xE28B";"0xE2";"0x8B";"450";"7200";"0x1C20";"16"
"451";"받";"U+BC1B";"0xE28C";"0xE2";"0x8C";"451";"7216";"0x1C30";"16"
"452";"발";"U+BC1C";"0xE28D";"0xE2";"0x8D";"452";"7232";"0x1C40";"16"
"453";"밝";"U+BC1D";"0xE28E";"0xE2";"0x8E";"453";"7248";"0x1C50";"16"
"454";"밟";"U+BC1F";"0xE28F";"0xE2";"0x8F";"454";"7264";"0x1C60";"16"
"455";"밤";"U+BC24";"0xE290";"0xE2";"0x90";"455";"7280";"0x1C70";"16"
"456";"밥";"U+BC25";"0xE291";"0xE2";"0x91";"456";"7296";"0x1C80";"16"
"457";"방";"U+BC29";"0xE292";"0xE2";"0x92";"457";"7312";"0x1C90";"16"
"458";"밭";"U+BC2D";"0xE293";"0xE2";"0x93";"458";"7328";"0x1CA0";"16"
"459";"배";"U+BC30";"0xE294";"0xE2";"0x94";"459";"7344";"0x1CB0";"16"
"460";"백";"U+BC31";"0xE295";"0xE2";"0x95";"460";"7360";"0x1CC0";"16"
"461";"밴";"U+BC34";"0xE296";"0xE2";"0x96";"461";"7376";"0x1CD0";"16"
"462";"뱀";"U+BC40";"0xE297";"0xE2";"0x97";"462";"7392";"0x1CE0";"16"
"463";"뱉";"U+BC49";"0xE298";"0xE2";"0x98";"463";"7408";"0x1CF0";"16"
"464";"버";"U+BC84";"0xE299";"0xE2";"0x99";"464";"7424";"0x1D00";"16"
"465";"번";"U+BC88";"0xE29A";"0xE2";"0x9A";"465";"7440";"0x1D10";"16"
"466";"벌";"U+BC8C";"0xE29B";"0xE2";"0x9B";"466";"7456";"0x1D20";"16"
"467";"범";"U+BC94";"0xE29C";"0xE2";"0x9C";"467";"7472";"0x1D30";"16"
"468";"법";"U+BC95";"0xE29D";"0xE2";"0x9D";"468";"7488";"0x1D40";"16"
"469";"벗";"U+BC97";"0xE29E";"0xE2";"0x9E";"469";"7504";"0x1D50";"16"
"470";"베";"U+BCA0";"0xE29F";"0xE2";"0x9F";"470";"7520";"0x1D60";"16"
"471";"벤";"U+BCA4";"0xE2A0";"0xE2";"0xA0";"471";"7536";"0x1D70";"16"
"472";"벨";"U+BCA8";"0xE2A1";"0xE2";"0xA1";"472";"7552";"0x1D80";"16"
"473";"벼";"U+BCBC";"0xE2A2";"0xE2";"0xA2";"473";"7568";"0x1D90";"16"
"474";"벽";"U+BCBD";"0xE2A3";"0xE2";"0xA3";"474";"7584";"0x1DA0";"16"
"475";"변";"U+BCC0";"0xE2A4";"0xE2";"0xA4";"475";"7600";"0x1DB0";"16"
"476";"별";"U+BCC4";"0xE2A5";"0xE2";"0xA5";"476";"7616";"0x1DC0";"16"
"477";"볍";"U+BCCD";"0xE2A6";"0xE2";"0xA6";"477";"7632";"0x1DD0";"16"
"478";"볐";"U+BCD0";"0xE2A7";"0xE2";"0xA7";"478";"7648";"0x1DE0";"16"
"479";"병";"U+BCD1";"0xE2A8";"0xE2";"0xA8";"479";"7664";"0x1DF0";"16"
"480";"보";"U+BCF4";"0xE2A9";"0xE2";"0xA9";"480";"7680";"0x1E00";"16"
"481";"복";"U+BCF5";"0xE2AA";"0xE2";"0xAA";"481";"7696";"0x1E10";"16"
"482";"본";"U+BCF8";"0xE2AB";"0xE2";"0xAB";"482";"7712";"0x1E20";"16"
"483";"볼";"U+BCFC";"0xE2AC";"0xE2";"0xAC";"483";"7728";"0x1E30";"16"
"484";"봄";"U+BD04";"0xE2AD";"0xE2";"0xAD";"484";"7744";"0x1E40";"16"
"485";"봅";"U+BD05";"0xE2AE";"0xE2";"0xAE";"485";"7760";"0x1E50";"16"
"486";"봉";"U+BD09";"0xE2AF";"0xE2";"0xAF";"486";"7776";"0x1E60";"16"
"487";"봐";"U+BD10";"0xE2B0";"0xE2";"0xB0";"487";"7792";"0x1E70";"16"
"488";"봤";"U+BD24";"0xE2B1";"0xE2";"0xB1";"488";"7808";"0x1E80";"16"
"489";"봬";"U+BD2C";"0xE2B2";"0xE2";"0xB2";"489";"7824";"0x1E90";"16"
"490";"뵐";"U+BD50";"0xE2B3";"0xE2";"0xB3";"490";"7840";"0x1EA0";"16"
"491";"뵙";"U+BD59";"0xE2B4";"0xE2";"0xB4";"491";"7856";"0x1EB0";"16"
"492";"부";"U+BD80";"0xE2B5";"0xE2";"0xB5";"492";"7872";"0x1EC0";"16"
"493";"북";"U+BD81";"0xE2B6";"0xE2";"0xB6";"493";"7888";"0x1ED0";"16"
"494";"분";"U+BD84";"0xE2B7";"0xE2";"0xB7";"494";"7904";"0x1EE0";"16"
"495";"불";"U+BD88";"0xE2B8";"0xE2";"0xB8";"495";"7920";"0x1EF0";"16"
"496";"붉";"U+BD89";"0xE2B9";"0xE2";"0xB9";"496";"7936";"0x1F00";"16"
"497";"붐";"U+BD90";"0xE2BA";"0xE2";"0xBA";"497";"7952";"0x1F10";"16"
"498";"붓";"U+BD93";"0xE2BB";"0xE2";"0xBB";"498";"7968";"0x1F20";"16"
"499";"붕";"U+BD95";"0xE2BC";"0xE2";"0xBC";"499";"7984";"0x1F30";"16"
"500";"붙";"U+BD99";"0xE2BD";"0xE2";"0xBD";"500";"8000";"0x1F40";"16"
"501";"뷔";"U+BDD4";"0xE2BE";"0xE2";"0xBE";"501";"8016";"0x1F50";"16"
"502";"뷰";"U+BDF0";"0xE2BF";"0xE2";"0xBF";"502";"8032";"0x1F60";"16"
"503";"브";"U+BE0C";"0xE2C0";"0xE2";"0xC0";"503";"8048";"0x1F70";"16"
"504";"블";"U+BE14";"0xE2C1";"0xE2";"0xC1";"504";"8064";"0x1F80";"16"
"505";"비";"U+BE44";"0xE2C2";"0xE2";"0xC2";"505";"8080";"0x1F90";"16"
"506";"빅";"U+BE45";"0xE2C3";"0xE2";"0xC3";"506";"8096";"0x1FA0";"16"
"507";"빈";"U+BE48";"0xE2C4";"0xE2";"0xC4";"507";"8112";"0x1FB0";"16"
"508";"빌";"U+BE4C";"0xE2C5";"0xE2";"0xC5";"508";"8128";"0x1FC0";"16"
"509";"빗";"U+BE57";"0xE2C6";"0xE2";"0xC6";"509";"8144";"0x1FD0";"16"
"510";"빚";"U+BE5A";"0xE2C7";"0xE2";"0xC7";"510";"8160";"0x1FE0";"16"
"511";"빛";"U+BE5B";"0xE2C8";"0xE2";"0xC8";"511";"8176";"0x1FF0";"16"
"512";"빠";"U+BE60";"0xE2C9";"0xE2";"0xC9";"512";"8192";"0x2000";"16"
"513";"빡";"U+BE61";"0xE2CA";"0xE2";"0xCA";"513";"8208";"0x2010";"16"
"514";"빨";"U+BE68";"0xE2CB";"0xE2";"0xCB";"514";"8224";"0x2020";"16"
"515";"빼";"U+BE7C";"0xE2CC";"0xE2";"0xCC";"515";"8240";"0x2030";"16"
"516";"뺀";"U+BE80";"0xE2CD";"0xE2";"0xCD";"516";"8256";"0x2040";"16"
"517";"뺄";"U+BE84";"0xE2CE";"0xE2";"0xCE";"517";"8272";"0x2050";"16"
"518";"뺐";"U+BE90";"0xE2CF";"0xE2";"0xCF";"518";"8288";"0x2060";"16"
"519";"뻐";"U+BED0";"0xE2D0";"0xE2";"0xD0";"519";"8304";"0x2070";"16"
"520";"뻑";"U+BED1";"0xE2D1";"0xE2";"0xD1";"520";"8320";"0x2080";"16"
"521";"뻔";"U+BED4";"0xE2D2";"0xE2";"0xD2";"521";"8336";"0x2090";"16"
"522";"뻗";"U+BED7";"0xE2D3";"0xE2";"0xD3";"522";"8352";"0x20A0";"16"
"523";"뼈";"U+BF08";"0xE2D4";"0xE2";"0xD4";"523";"8368";"0x20B0";"16"
"524";"뼉";"U+BF09";"0xE2D5";"0xE2";"0xD5";"524";"8384";"0x20C0";"16"
"525";"뽐";"U+BF50";"0xE2D6";"0xE2";"0xD6";"525";"8400";"0x20D0";"16"
"526";"뽑";"U+BF51";"0xE2D7";"0xE2";"0xD7";"526";"8416";"0x20E0";"16"
"527";"뿌";"U+BFCC";"0xE2D8";"0xE2";"0xD8";"527";"8432";"0x20F0";"16"
"528";"뿍";"U+BFCD";"0xE2D9";"0xE2";"0xD9";"528";"8448";"0x2100";"16"
"529";"뿐";"U+BFD0";"0xE2DA";"0xE2";"0xDA";"529";"8464";"0x2110";"16"
"530";"뿜";"U+BFDC";"0xE2DB";"0xE2";"0xDB";"530";"8480";"0x2120";"16"
"531";"쁘";"U+C058";"0xE2DC";"0xE2";"0xDC";"531";"8496";"0x2130";"16"
"532";"쁜";"U+C05C";"0xE2DD";"0xE2";"0xDD";"532";"8512";"0x2140";"16"
"533";"쁨";"U+C068";"0xE2DE";"0xE2";"0xDE";"533";"8528";"0x2150";"16"
"534";"삐";"U+C090";"0xE2DF";"0xE2";"0xDF";"534";"8544";"0x2160";"16"
"535";"사";"U+C0AC";"0xE2E0";"0xE2";"0xE0";"535";"8560";"0x2170";"16"
"536";"삭";"U+C0AD";"0xE2E1";"0xE2";"0xE1";"536";"8576";"0x2180";"16"
"537";"산";"U+C0B0";"0xE2E2";"0xE2";"0xE2";"537";"8592";"0x2190";"16"
"538";"살";"U+C0B4";"0xE2E3";"0xE2";"0xE3";"538";"8608";"0x21A0";"16"
"539";"삶";"U+C0B6";"0xE2E4";"0xE2";"0xE4";"539";"8624";"0x21B0";"16"
"540";"삼";"U+C0BC";"0xE2E5";"0xE2";"0xE5";"540";"8640";"0x21C0";"16"
"541";"샀";"U+C0C0";"0xE2E6";"0xE2";"0xE6";"541";"8656";"0x21D0";"16"
"542";"상";"U+C0C1";"0xE2E7";"0xE2";"0xE7";"542";"8672";"0x21E0";"16"
"543";"샅";"U+C0C5";"0xE2E8";"0xE2";"0xE8";"543";"8688";"0x21F0";"16"
"544";"새";"U+C0C8";"0xE2E9";"0xE2";"0xE9";"544";"8704";"0x2200";"16"
"545";"색";"U+C0C9";"0xE2EA";"0xE2";"0xEA";"545";"8720";"0x2210";"16"
"546";"샘";"U+C0D8";"0xE2EB";"0xE2";"0xEB";"546";"8736";"0x2220";"16"
"547";"생";"U+C0DD";"0xE2EC";"0xE2";"0xEC";"547";"8752";"0x2230";"16"
"548";"샤";"U+C0E4";"0xE2ED";"0xE2";"0xED";"548";"8768";"0x2240";"16"
"549";"샴";"U+C0F4";"0xE2EE";"0xE2";"0xEE";"549";"8784";"0x2250";"16"
"550";"샹";"U+C0F9";"0xE2EF";"0xE2";"0xEF";"550";"8800";"0x2260";"16"
"551";"서";"U+C11C";"0xE2F0";"0xE2";"0xF0";"551";"8816";"0x2270";"16"
"552";"석";"U+C11D";"0xE2F1";"0xE2";"0xF1";"552";"8832";"0x2280";"16"
"553";"섞";"U+C11E";"0xE2F2";"0xE2";"0xF2";"553";"8848";"0x2290";"16"
"554";"선";"U+C120";"0xE2F3";"0xE2";"0xF3";"554";"8864";"0x22A0";"16"
"555";"설";"U+C124";"0xE2F4";"0xE2";"0xF4";"555";"8880";"0x22B0";"16"
"556";"섬";"U+C12C";"0xE2F5";"0xE2";"0xF5";"556";"8896";"0x22C0";"16"
"557";"섭";"U+C12D";"0xE2F6";"0xE2";"0xF6";"557";"8912";"0x22D0";"16"
"558";"섯";"U+C12F";"0xE2F7";"0xE2";"0xF7";"558";"8928";"0x22E0";"16"
"559";"섰";"U+C130";"0xE2F8";"0xE2";"0xF8";"559";"8944";"0x22F0";"16"
"560";"성";"U+C131";"0xE2F9";"0xE2";"0xF9";"560";"8960";"0x2300";"16"
"561";"세";"U+C138";"0xE2FA";"0xE2";"0xFA";"561";"8976";"0x2310";"16"
"562";"센";"U+C13C";"0xE2FB";"0xE2";"0xFB";"562";"8992";"0x2320";"16"
"563";"셀";"U+C140";"0xE2FC";"0xE2";"0xFC";"563";"9008";"0x2330";"16"
"564";"셈";"U+C148";"0xE340";"0xE3";"0x40";"564";"9024";"0x2340";"16"
"565";"셋";"U+C14B";"0xE341";"0xE3";"0x41";"565";"9040";"0x2350";"16"
"566";"셔";"U+C154";"0xE342";"0xE3";"0x42";"566";"9056";"0x2360";"16"
"567";"션";"U+C158";"0xE343";"0xE3";"0x43";"567";"9072";"0x2370";"16"
"568";"셨";"U+C168";"0xE344";"0xE3";"0x44";"568";"9088";"0x2380";"16"
"569";"셰";"U+C170";"0xE345";"0xE3";"0x45";"569";"9104";"0x2390";"16"
"570";"셸";"U+C178";"0xE346";"0xE3";"0x46";"570";"9120";"0x23A0";"16"
"571";"소";"U+C18C";"0xE347";"0xE3";"0x47";"571";"9136";"0x23B0";"16"
"572";"속";"U+C18D";"0xE348";"0xE3";"0x48";"572";"9152";"0x23C0";"16"
"573";"손";"U+C190";"0xE349";"0xE3";"0x49";"573";"9168";"0x23D0";"16"
"574";"솔";"U+C194";"0xE34A";"0xE3";"0x4A";"574";"9184";"0x23E0";"16"
"575";"솜";"U+C19C";"0xE34B";"0xE3";"0x4B";"575";"9200";"0x23F0";"16"
"576";"솟";"U+C19F";"0xE34C";"0xE3";"0x4C";"576";"9216";"0x2400";"16"
"577";"송";"U+C1A1";"0xE34D";"0xE3";"0x4D";"577";"9232";"0x2410";"16"
"578";"쇄";"U+C1C4";"0xE34E";"0xE3";"0x4E";"578";"9248";"0x2420";"16"
"579";"쇠";"U+C1E0";"0xE34F";"0xE3";"0x4F";"579";"9264";"0x2430";"16"
"580";"쇳";"U+C1F3";"0xE350";"0xE3";"0x50";"580";"9280";"0x2440";"16"
"581";"쇼";"U+C1FC";"0xE351";"0xE3";"0x51";"581";"9296";"0x2450";"16"
"582";"수";"U+C218";"0xE352";"0xE3";"0x52";"582";"9312";"0x2460";"16"
"583";"숙";"U+C219";"0xE353";"0xE3";"0x53";"583";"9328";"0x2470";"16"
"584";"순";"U+C21C";"0xE354";"0xE3";"0x54";"584";"9344";"0x2480";"16"
"585";"술";"U+C220";"0xE355";"0xE3";"0x55";"585";"9360";"0x2490";"16"
"586";"숨";"U+C228";"0xE356";"0xE3";"0x56";"586";"9376";"0x24A0";"16"
"587";"숫";"U+C22B";"0xE357";"0xE3";"0x57";"587";"9392";"0x24B0";"16"
"588";"쉬";"U+C26C";"0xE358";"0xE3";"0x58";"588";"9408";"0x24C0";"16"
"589";"쉴";"U+C274";"0xE359";"0xE3";"0x59";"589";"9424";"0x24D0";"16"
"590";"쉽";"U+C27D";"0xE35A";"0xE3";"0x5A";"590";"9440";"0x24E0";"16"
"591";"쉿";"U+C27F";"0xE35B";"0xE3";"0x5B";"591";"9456";"0x24F0";"16"
"592";"슈";"U+C288";"0xE35C";"0xE3";"0x5C";"592";"9472";"0x2500";"16"
"593";"스";"U+C2A4";"0xE35D";"0xE3";"0x5D";"593";"9488";"0x2510";"16"
"594";"슨";"U+C2A8";"0xE35E";"0xE3";"0x5E";"594";"9504";"0x2520";"16"
"595";"슬";"U+C2AC";"0xE35F";"0xE3";"0x5F";"595";"9520";"0x2530";"16"
"596";"슴";"U+C2B4";"0xE360";"0xE3";"0x60";"596";"9536";"0x2540";"16"
"597";"습";"U+C2B5";"0xE361";"0xE3";"0x61";"597";"9552";"0x2550";"16"
"598";"슷";"U+C2B7";"0xE362";"0xE3";"0x62";"598";"9568";"0x2560";"16"
"599";"승";"U+C2B9";"0xE363";"0xE3";"0x63";"599";"9584";"0x2570";"16"
"600";"시";"U+C2DC";"0xE364";"0xE3";"0x64";"600";"9600";"0x2580";"16"
"601";"식";"U+C2DD";"0xE365";"0xE3";"0x65";"601";"9616";"0x2590";"16"
"602";"신";"U+C2E0";"0xE366";"0xE3";"0x66";"602";"9632";"0x25A0";"16"
"603";"실";"U+C2E4";"0xE367";"0xE3";"0x67";"603";"9648";"0x25B0";"16"
"604";"싫";"U+C2EB";"0xE368";"0xE3";"0x68";"604";"9664";"0x25C0";"16"
"605";"심";"U+C2EC";"0xE369";"0xE3";"0x69";"605";"9680";"0x25D0";"16"
"606";"십";"U+C2ED";"0xE36A";"0xE3";"0x6A";"606";"9696";"0x25E0";"16"
"607";"싱";"U+C2F1";"0xE36B";"0xE3";"0x6B";"607";"9712";"0x25F0";"16"
"608";"싶";"U+C2F6";"0xE36C";"0xE3";"0x6C";"608";"9728";"0x2600";"16"
"609";"싸";"U+C2F8";"0xE36D";"0xE3";"0x6D";"609";"9744";"0x2610";"16"
"610";"싹";"U+C2F9";"0xE36E";"0xE3";"0x6E";"610";"9760";"0x2620";"16"
"611";"싼";"U+C2FC";"0xE36F";"0xE3";"0x6F";"611";"9776";"0x2630";"16"
"612";"쌌";"U+C30C";"0xE370";"0xE3";"0x70";"612";"9792";"0x2640";"16"
"613";"쌍";"U+C30D";"0xE371";"0xE3";"0x71";"613";"9808";"0x2650";"16"
"614";"쌓";"U+C313";"0xE372";"0xE3";"0x72";"614";"9824";"0x2660";"16"
"615";"쌩";"U+C329";"0xE373";"0xE3";"0x73";"615";"9840";"0x2670";"16"
"616";"써";"U+C368";"0xE374";"0xE3";"0x74";"616";"9856";"0x2680";"16"
"617";"썩";"U+C369";"0xE375";"0xE3";"0x75";"617";"9872";"0x2690";"16"
"618";"썰";"U+C370";"0xE376";"0xE3";"0x76";"618";"9888";"0x26A0";"16"
"619";"썼";"U+C37C";"0xE377";"0xE3";"0x77";"619";"9904";"0x26B0";"16"
"620";"쎄";"U+C384";"0xE378";"0xE3";"0x78";"620";"9920";"0x26C0";"16"
"621";"쏘";"U+C3D8";"0xE379";"0xE3";"0x79";"621";"9936";"0x26D0";"16"
"622";"쏜";"U+C3DC";"0xE37A";"0xE3";"0x7A";"622";"9952";"0x26E0";"16"
"623";"쏟";"U+C3DF";"0xE37B";"0xE3";"0x7B";"623";"9968";"0x26F0";"16"
"624";"쏠";"U+C3E0";"0xE37C";"0xE3";"0x7C";"624";"9984";"0x2700";"16"
"625";"쏴";"U+C3F4";"0xE37D";"0xE3";"0x7D";"625";"10000";"0x2710";"16"
"626";"쐬";"U+C42C";"0xE37E";"0xE3";"0x7E";"626";"10016";"0x2720";"16"
"627";"쑤";"U+C464";"0xE380";"0xE3";"0x80";"627";"10032";"0x2730";"16"
"628";"쑥";"U+C465";"0xE381";"0xE3";"0x81";"628";"10048";"0x2740";"16"
"629";"쓰";"U+C4F0";"0xE382";"0xE3";"0x82";"629";"10064";"0x2750";"16"
"630";"쓴";"U+C4F4";"0xE383";"0xE3";"0x83";"630";"10080";"0x2760";"16"
"631";"쓸";"U+C4F8";"0xE384";"0xE3";"0x84";"631";"10096";"0x2770";"16"
"632";"씀";"U+C500";"0xE385";"0xE3";"0x85";"632";"10112";"0x2780";"16"
"633";"씁";"U+C501";"0xE386";"0xE3";"0x86";"633";"10128";"0x2790";"16"
"634";"씌";"U+C50C";"0xE387";"0xE3";"0x87";"634";"10144";"0x27A0";"16"
"635";"씨";"U+C528";"0xE388";"0xE3";"0x88";"635";"10160";"0x27B0";"16"
"636";"씩";"U+C529";"0xE389";"0xE3";"0x89";"636";"10176";"0x27C0";"16"
"637";"씬";"U+C52C";"0xE38A";"0xE3";"0x8A";"637";"10192";"0x27D0";"16"
"638";"아";"U+C544";"0xE38B";"0xE3";"0x8B";"638";"10208";"0x27E0";"16"
"639";"악";"U+C545";"0xE38C";"0xE3";"0x8C";"639";"10224";"0x27F0";"16"
"640";"안";"U+C548";"0xE38D";"0xE3";"0x8D";"640";"10240";"0x2800";"16"
"641";"앉";"U+C549";"0xE38E";"0xE3";"0x8E";"641";"10256";"0x2810";"16"
"642";"않";"U+C54A";"0xE38F";"0xE3";"0x8F";"642";"10272";"0x2820";"16"
"643";"알";"U+C54C";"0xE390";"0xE3";"0x90";"643";"10288";"0x2830";"16"
"644";"앓";"U+C553";"0xE391";"0xE3";"0x91";"644";"10304";"0x2840";"16"
"645";"암";"U+C554";"0xE392";"0xE3";"0x92";"645";"10320";"0x2850";"16"
"646";"압";"U+C555";"0xE393";"0xE3";"0x93";"646";"10336";"0x2860";"16"
"647";"앗";"U+C557";"0xE394";"0xE3";"0x94";"647";"10352";"0x2870";"16"
"648";"았";"U+C558";"0xE395";"0xE3";"0x95";"648";"10368";"0x2880";"16"
"649";"앙";"U+C559";"0xE396";"0xE3";"0x96";"649";"10384";"0x2890";"16"
"650";"앞";"U+C55E";"0xE397";"0xE3";"0x97";"650";"10400";"0x28A0";"16"
"651";"애";"U+C560";"0xE398";"0xE3";"0x98";"651";"10416";"0x28B0";"16"
"652";"액";"U+C561";"0xE399";"0xE3";"0x99";"652";"10432";"0x28C0";"16"
"653";"앤";"U+C564";"0xE39A";"0xE3";"0x9A";"653";"10448";"0x28D0";"16"
"654";"앨";"U+C568";"0xE39B";"0xE3";"0x9B";"654";"10464";"0x28E0";"16"
"655";"앰";"U+C570";"0xE39C";"0xE3";"0x9C";"655";"10480";"0x28F0";"16"
"656";"앵";"U+C575";"0xE39D";"0xE3";"0x9D";"656";"10496";"0x2900";"16"
"657";"야";"U+C57C";"0xE39E";"0xE3";"0x9E";"657";"10512";"0x2910";"16"
"658";"약";"U+C57D";"0xE39F";"0xE3";"0x9F";"658";"10528";"0x2920";"16"
"659";"얀";"U+C580";"0xE3A0";"0xE3";"0xA0";"659";"10544";"0x2930";"16"
"660";"얌";"U+C58C";"0xE3A1";"0xE3";"0xA1";"660";"10560";"0x2940";"16"
"661";"양";"U+C591";"0xE3A2";"0xE3";"0xA2";"661";"10576";"0x2950";"16"
"662";"얕";"U+C595";"0xE3A3";"0xE3";"0xA3";"662";"10592";"0x2960";"16"
"663";"얗";"U+C597";"0xE3A4";"0xE3";"0xA4";"663";"10608";"0x2970";"16"
"664";"얘";"U+C598";"0xE3A5";"0xE3";"0xA5";"664";"10624";"0x2980";"16"
"665";"어";"U+C5B4";"0xE3A6";"0xE3";"0xA6";"665";"10640";"0x2990";"16"
"666";"억";"U+C5B5";"0xE3A7";"0xE3";"0xA7";"666";"10656";"0x29A0";"16"
"667";"언";"U+C5B8";"0xE3A8";"0xE3";"0xA8";"667";"10672";"0x29B0";"16"
"668";"얹";"U+C5B9";"0xE3A9";"0xE3";"0xA9";"668";"10688";"0x29C0";"16"
"669";"얻";"U+C5BB";"0xE3AA";"0xE3";"0xAA";"669";"10704";"0x29D0";"16"
"670";"얼";"U+C5BC";"0xE3AB";"0xE3";"0xAB";"670";"10720";"0x29E0";"16"
"671";"얽";"U+C5BD";"0xE3AC";"0xE3";"0xAC";"671";"10736";"0x29F0";"16"
"672";"엄";"U+C5C4";"0xE3AD";"0xE3";"0xAD";"672";"10752";"0x2A00";"16"
"673";"업";"U+C5C5";"0xE3AE";"0xE3";"0xAE";"673";"10768";"0x2A10";"16"
"674";"없";"U+C5C6";"0xE3AF";"0xE3";"0xAF";"674";"10784";"0x2A20";"16"
"675";"엇";"U+C5C7";"0xE3B0";"0xE3";"0xB0";"675";"10800";"0x2A30";"16"
"676";"었";"U+C5C8";"0xE3B1";"0xE3";"0xB1";"676";"10816";"0x2A40";"16"
"677";"엉";"U+C5C9";"0xE3B2";"0xE3";"0xB2";"677";"10832";"0x2A50";"16"
"678";"엊";"U+C5CA";"0xE3B3";"0xE3";"0xB3";"678";"10848";"0x2A60";"16"
"679";"엌";"U+C5CC";"0xE3B4";"0xE3";"0xB4";"679";"10864";"0x2A70";"16"
"680";"에";"U+C5D0";"0xE3B5";"0xE3";"0xB5";"680";"10880";"0x2A80";"16"
"681";"엑";"U+C5D1";"0xE3B6";"0xE3";"0xB6";"681";"10896";"0x2A90";"16"
"682";"엔";"U+C5D4";"0xE3B7";"0xE3";"0xB7";"682";"10912";"0x2AA0";"16"
"683";"엘";"U+C5D8";"0xE3B8";"0xE3";"0xB8";"683";"10928";"0x2AB0";"16"
"684";"엠";"U+C5E0";"0xE3B9";"0xE3";"0xB9";"684";"10944";"0x2AC0";"16"
"685";"엡";"U+C5E1";"0xE3BA";"0xE3";"0xBA";"685";"10960";"0x2AD0";"16"
"686";"엣";"U+C5E3";"0xE3BB";"0xE3";"0xBB";"686";"10976";"0x2AE0";"16"
"687";"여";"U+C5EC";"0xE3BC";"0xE3";"0xBC";"687";"10992";"0x2AF0";"16"
"688";"역";"U+C5ED";"0xE3BD";"0xE3";"0xBD";"688";"11008";"0x2B00";"16"
"689";"엮";"U+C5EE";"0xE3BE";"0xE3";"0xBE";"689";"11024";"0x2B10";"16"
"690";"연";"U+C5F0";"0xE3BF";"0xE3";"0xBF";"690";"11040";"0x2B20";"16"
"691";"열";"U+C5F4";"0xE3C0";"0xE3";"0xC0";"691";"11056";"0x2B30";"16"
"692";"염";"U+C5FC";"0xE3C1";"0xE3";"0xC1";"692";"11072";"0x2B40";"16"
"693";"엾";"U+C5FE";"0xE3C2";"0xE3";"0xC2";"693";"11088";"0x2B50";"16"
"694";"엿";"U+C5FF";"0xE3C3";"0xE3";"0xC3";"694";"11104";"0x2B60";"16"
"695";"였";"U+C600";"0xE3C4";"0xE3";"0xC4";"695";"11120";"0x2B70";"16"
"696";"영";"U+C601";"0xE3C5";"0xE3";"0xC5";"696";"11136";"0x2B80";"16"
"697";"옅";"U+C605";"0xE3C6";"0xE3";"0xC6";"697";"11152";"0x2B90";"16"
"698";"옆";"U+C606";"0xE3C7";"0xE3";"0xC7";"698";"11168";"0x2BA0";"16"
"699";"예";"U+C608";"0xE3C8";"0xE3";"0xC8";"699";"11184";"0x2BB0";"16"
"700";"옛";"U+C61B";"0xE3C9";"0xE3";"0xC9";"700";"11200";"0x2BC0";"16"
"701";"오";"U+C624";"0xE3CA";"0xE3";"0xCA";"701";"11216";"0x2BD0";"16"
"702";"옥";"U+C625";"0xE3CB";"0xE3";"0xCB";"702";"11232";"0x2BE0";"16"
"703";"온";"U+C628";"0xE3CC";"0xE3";"0xCC";"703";"11248";"0x2BF0";"16"
"704";"올";"U+C62C";"0xE3CD";"0xE3";"0xCD";"704";"11264";"0x2C00";"16"
"705";"옮";"U+C62E";"0xE3CE";"0xE3";"0xCE";"705";"11280";"0x2C10";"16"
"706";"옷";"U+C637";"0xE3CF";"0xE3";"0xCF";"706";"11296";"0x2C20";"16"
"707";"와";"U+C640";"0xE3D0";"0xE3";"0xD0";"707";"11312";"0x2C30";"16"
"708";"왁";"U+C641";"0xE3D1";"0xE3";"0xD1";"708";"11328";"0x2C40";"16"
"709";"완";"U+C644";"0xE3D2";"0xE3";"0xD2";"709";"11344";"0x2C50";"16"
"710";"왓";"U+C653";"0xE3D3";"0xE3";"0xD3";"710";"11360";"0x2C60";"16"
"711";"왔";"U+C654";"0xE3D4";"0xE3";"0xD4";"711";"11376";"0x2C70";"16"
"712";"왕";"U+C655";"0xE3D5";"0xE3";"0xD5";"712";"11392";"0x2C80";"16"
"713";"왜";"U+C65C";"0xE3D6";"0xE3";"0xD6";"713";"11408";"0x2C90";"16"
"714";"왠";"U+C660";"0xE3D7";"0xE3";"0xD7";"714";"11424";"0x2CA0";"16"
"715";"외";"U+C678";"0xE3D8";"0xE3";"0xD8";"715";"11440";"0x2CB0";"16"
"716";"왼";"U+C67C";"0xE3D9";"0xE3";"0xD9";"716";"11456";"0x2CC0";"16"
"717";"요";"U+C694";"0xE3DA";"0xE3";"0xDA";"717";"11472";"0x2CD0";"16"
"718";"욕";"U+C695";"0xE3DB";"0xE3";"0xDB";"718";"11488";"0x2CE0";"16"
"719";"용";"U+C6A9";"0xE3DC";"0xE3";"0xDC";"719";"11504";"0x2CF0";"16"
"720";"우";"U+C6B0";"0xE3DD";"0xE3";"0xDD";"720";"11520";"0x2D00";"16"
"721";"욱";"U+C6B1";"0xE3DE";"0xE3";"0xDE";"721";"11536";"0x2D10";"16"
"722";"운";"U+C6B4";"0xE3DF";"0xE3";"0xDF";"722";"11552";"0x2D20";"16"
"723";"울";"U+C6B8";"0xE3E0";"0xE3";"0xE0";"723";"11568";"0x2D30";"16"
"724";"움";"U+C6C0";"0xE3E1";"0xE3";"0xE1";"724";"11584";"0x2D40";"16"
"725";"웃";"U+C6C3";"0xE3E2";"0xE3";"0xE2";"725";"11600";"0x2D50";"16"
"726";"웅";"U+C6C5";"0xE3E3";"0xE3";"0xE3";"726";"11616";"0x2D60";"16"
"727";"워";"U+C6CC";"0xE3E4";"0xE3";"0xE4";"727";"11632";"0x2D70";"16"
"728";"원";"U+C6D0";"0xE3E5";"0xE3";"0xE5";"728";"11648";"0x2D80";"16"
"729";"월";"U+C6D4";"0xE3E6";"0xE3";"0xE6";"729";"11664";"0x2D90";"16"
"730";"웠";"U+C6E0";"0xE3E7";"0xE3";"0xE7";"730";"11680";"0x2DA0";"16"
"731";"웨";"U+C6E8";"0xE3E8";"0xE3";"0xE8";"731";"11696";"0x2DB0";"16"
"732";"웬";"U+C6EC";"0xE3E9";"0xE3";"0xE9";"732";"11712";"0x2DC0";"16"
"733";"웰";"U+C6F0";"0xE3EA";"0xE3";"0xEA";"733";"11728";"0x2DD0";"16"
"734";"웸";"U+C6F8";"0xE3EB";"0xE3";"0xEB";"734";"11744";"0x2DE0";"16"
"735";"위";"U+C704";"0xE3EC";"0xE3";"0xEC";"735";"11760";"0x2DF0";"16"
"736";"유";"U+C720";"0xE3ED";"0xE3";"0xED";"736";"11776";"0x2E00";"16"
"737";"육";"U+C721";"0xE3EE";"0xE3";"0xEE";"737";"11792";"0x2E10";"16"
"738";"율";"U+C728";"0xE3EF";"0xE3";"0xEF";"738";"11808";"0x2E20";"16"
"739";"으";"U+C73C";"0xE3F0";"0xE3";"0xF0";"739";"11824";"0x2E30";"16"
"740";"윽";"U+C73D";"0xE3F1";"0xE3";"0xF1";"740";"11840";"0x2E40";"16"
"741";"은";"U+C740";"0xE3F2";"0xE3";"0xF2";"741";"11856";"0x2E50";"16"
"742";"을";"U+C744";"0xE3F3";"0xE3";"0xF3";"742";"11872";"0x2E60";"16"
"743";"읊";"U+C74A";"0xE3F4";"0xE3";"0xF4";"743";"11888";"0x2E70";"16"
"744";"음";"U+C74C";"0xE3F5";"0xE3";"0xF5";"744";"11904";"0x2E80";"16"
"745";"응";"U+C751";"0xE3F6";"0xE3";"0xF6";"745";"11920";"0x2E90";"16"
"746";"의";"U+C758";"0xE3F7";"0xE3";"0xF7";"746";"11936";"0x2EA0";"16"
"747";"이";"U+C774";"0xE3F8";"0xE3";"0xF8";"747";"11952";"0x2EB0";"16"
"748";"익";"U+C775";"0xE3F9";"0xE3";"0xF9";"748";"11968";"0x2EC0";"16"
"749";"인";"U+C778";"0xE3FA";"0xE3";"0xFA";"749";"11984";"0x2ED0";"16"
"750";"일";"U+C77C";"0xE3FB";"0xE3";"0xFB";"750";"12000";"0x2EE0";"16"
"751";"읽";"U+C77D";"0xE3FC";"0xE3";"0xFC";"751";"12016";"0x2EF0";"16"
"752";"잃";"U+C783";"0xE440";"0xE4";"0x40";"752";"12032";"0x2F00";"16"
"753";"임";"U+C784";"0xE441";"0xE4";"0x41";"753";"12048";"0x2F10";"16"
"754";"입";"U+C785";"0xE442";"0xE4";"0x42";"754";"12064";"0x2F20";"16"
"755";"잇";"U+C787";"0xE443";"0xE4";"0x43";"755";"12080";"0x2F30";"16"
"756";"있";"U+C788";"0xE444";"0xE4";"0x44";"756";"12096";"0x2F40";"16"
"757";"잉";"U+C789";"0xE445";"0xE4";"0x45";"757";"12112";"0x2F50";"16"
"758";"잊";"U+C78A";"0xE446";"0xE4";"0x46";"758";"12128";"0x2F60";"16"
"759";"자";"U+C790";"0xE447";"0xE4";"0x47";"759";"12144";"0x2F70";"16"
"760";"작";"U+C791";"0xE448";"0xE4";"0x48";"760";"12160";"0x2F80";"16"
"761";"잔";"U+C794";"0xE449";"0xE4";"0x49";"761";"12176";"0x2F90";"16"
"762";"잖";"U+C796";"0xE44A";"0xE4";"0x4A";"762";"12192";"0x2FA0";"16"
"763";"잘";"U+C798";"0xE44B";"0xE4";"0x4B";"763";"12208";"0x2FB0";"16"
"764";"잠";"U+C7A0";"0xE44C";"0xE4";"0x4C";"764";"12224";"0x2FC0";"16"
"765";"잡";"U+C7A1";"0xE44D";"0xE4";"0x4D";"765";"12240";"0x2FD0";"16"
"766";"잣";"U+C7A3";"0xE44E";"0xE4";"0x4E";"766";"12256";"0x2FE0";"16"
"767";"잤";"U+C7A4";"0xE44F";"0xE4";"0x4F";"767";"12272";"0x2FF0";"16"
"768";"장";"U+C7A5";"0xE450";"0xE4";"0x50";"768";"12288";"0x3000";"16"
"769";"재";"U+C7AC";"0xE451";"0xE4";"0x51";"769";"12304";"0x3010";"16"
"770";"잭";"U+C7AD";"0xE452";"0xE4";"0x52";"770";"12320";"0x3020";"16"
"771";"쟁";"U+C7C1";"0xE453";"0xE4";"0x53";"771";"12336";"0x3030";"16"
"772";"저";"U+C800";"0xE454";"0xE4";"0x54";"772";"12352";"0x3040";"16"
"773";"적";"U+C801";"0xE455";"0xE4";"0x55";"773";"12368";"0x3050";"16"
"774";"전";"U+C804";"0xE456";"0xE4";"0x56";"774";"12384";"0x3060";"16"
"775";"절";"U+C808";"0xE457";"0xE4";"0x57";"775";"12400";"0x3070";"16"
"776";"젊";"U+C80A";"0xE458";"0xE4";"0x58";"776";"12416";"0x3080";"16"
"777";"점";"U+C810";"0xE459";"0xE4";"0x59";"777";"12432";"0x3090";"16"
"778";"접";"U+C811";"0xE45A";"0xE4";"0x5A";"778";"12448";"0x30A0";"16"
"779";"정";"U+C815";"0xE45B";"0xE4";"0x5B";"779";"12464";"0x30B0";"16"
"780";"젖";"U+C816";"0xE45C";"0xE4";"0x5C";"780";"12480";"0x30C0";"16"
"781";"제";"U+C81C";"0xE45D";"0xE4";"0x5D";"781";"12496";"0x30D0";"16"
"782";"젠";"U+C820";"0xE45E";"0xE4";"0x5E";"782";"12512";"0x30E0";"16"
"783";"젤";"U+C824";"0xE45F";"0xE4";"0x5F";"783";"12528";"0x30F0";"16"
"784";"젬";"U+C82C";"0xE460";"0xE4";"0x60";"784";"12544";"0x3100";"16"
"785";"젯";"U+C82F";"0xE461";"0xE4";"0x61";"785";"12560";"0x3110";"16"
"786";"져";"U+C838";"0xE462";"0xE4";"0x62";"786";"12576";"0x3120";"16"
"787";"졌";"U+C84C";"0xE463";"0xE4";"0x63";"787";"12592";"0x3130";"16"
"788";"조";"U+C870";"0xE464";"0xE4";"0x64";"788";"12608";"0x3140";"16"
"789";"족";"U+C871";"0xE465";"0xE4";"0x65";"789";"12624";"0x3150";"16"
"790";"존";"U+C874";"0xE466";"0xE4";"0x66";"790";"12640";"0x3160";"16"
"791";"졸";"U+C878";"0xE467";"0xE4";"0x67";"791";"12656";"0x3170";"16"
"792";"좀";"U+C880";"0xE468";"0xE4";"0x68";"792";"12672";"0x3180";"16"
"793";"좁";"U+C881";"0xE469";"0xE4";"0x69";"793";"12688";"0x3190";"16"
"794";"종";"U+C885";"0xE46A";"0xE4";"0x6A";"794";"12704";"0x31A0";"16"
"795";"좋";"U+C88B";"0xE46B";"0xE4";"0x6B";"795";"12720";"0x31B0";"16"
"796";"좌";"U+C88C";"0xE46C";"0xE4";"0x6C";"796";"12736";"0x31C0";"16"
"797";"죄";"U+C8C4";"0xE46D";"0xE4";"0x6D";"797";"12752";"0x31D0";"16"
"798";"죠";"U+C8E0";"0xE46E";"0xE4";"0x6E";"798";"12768";"0x31E0";"16"
"799";"주";"U+C8FC";"0xE46F";"0xE4";"0x6F";"799";"12784";"0x31F0";"16"
"800";"죽";"U+C8FD";"0xE470";"0xE4";"0x70";"800";"12800";"0x3200";"16"
"801";"준";"U+C900";"0xE471";"0xE4";"0x71";"801";"12816";"0x3210";"16"
"802";"줄";"U+C904";"0xE472";"0xE4";"0x72";"802";"12832";"0x3220";"16"
"803";"중";"U+C911";"0xE473";"0xE4";"0x73";"803";"12848";"0x3230";"16"
"804";"줘";"U+C918";"0xE474";"0xE4";"0x74";"804";"12864";"0x3240";"16"
"805";"줬";"U+C92C";"0xE475";"0xE4";"0x75";"805";"12880";"0x3250";"16"
"806";"쥐";"U+C950";"0xE476";"0xE4";"0x76";"806";"12896";"0x3260";"16"
"807";"쥔";"U+C954";"0xE477";"0xE4";"0x77";"807";"12912";"0x3270";"16"
"808";"즈";"U+C988";"0xE478";"0xE4";"0x78";"808";"12928";"0x3280";"16"
"809";"즐";"U+C990";"0xE479";"0xE4";"0x79";"809";"12944";"0x3290";"16"
"810";"즘";"U+C998";"0xE47A";"0xE4";"0x7A";"810";"12960";"0x32A0";"16"
"811";"증";"U+C99D";"0xE47B";"0xE4";"0x7B";"811";"12976";"0x32B0";"16"
"812";"지";"U+C9C0";"0xE47C";"0xE4";"0x7C";"812";"12992";"0x32C0";"16"
"813";"직";"U+C9C1";"0xE47D";"0xE4";"0x7D";"813";"13008";"0x32D0";"16"
"814";"진";"U+C9C4";"0xE47E";"0xE4";"0x7E";"814";"13024";"0x32E0";"16"
"815";"질";"U+C9C8";"0xE480";"0xE4";"0x80";"815";"13040";"0x32F0";"16"
"816";"짊";"U+C9CA";"0xE481";"0xE4";"0x81";"816";"13056";"0x3300";"16"
"817";"짐";"U+C9D0";"0xE482";"0xE4";"0x82";"817";"13072";"0x3310";"16"
"818";"집";"U+C9D1";"0xE483";"0xE4";"0x83";"818";"13088";"0x3320";"16"
"819";"짓";"U+C9D3";"0xE484";"0xE4";"0x84";"819";"13104";"0x3330";"16"
"820";"징";"U+C9D5";"0xE485";"0xE4";"0x85";"820";"13120";"0x3340";"16"
"821";"짖";"U+C9D6";"0xE486";"0xE4";"0x86";"821";"13136";"0x3350";"16"
"822";"짙";"U+C9D9";"0xE487";"0xE4";"0x87";"822";"13152";"0x3360";"16"
"823";"짚";"U+C9DA";"0xE488";"0xE4";"0x88";"823";"13168";"0x3370";"16"
"824";"짜";"U+C9DC";"0xE489";"0xE4";"0x89";"824";"13184";"0x3380";"16"
"825";"짝";"U+C9DD";"0xE48A";"0xE4";"0x8A";"825";"13200";"0x3390";"16"
"826";"짠";"U+C9E0";"0xE48B";"0xE4";"0x8B";"826";"13216";"0x33A0";"16"
"827";"짧";"U+C9E7";"0xE48C";"0xE4";"0x8C";"827";"13232";"0x33B0";"16"
"828";"째";"U+C9F8";"0xE48D";"0xE4";"0x8D";"828";"13248";"0x33C0";"16"
"829";"쨌";"U+CA0C";"0xE48E";"0xE4";"0x8E";"829";"13264";"0x33D0";"16"
"830";"쨍";"U+CA0D";"0xE48F";"0xE4";"0x8F";"830";"13280";"0x33E0";"16"
"831";"쩌";"U+CA4C";"0xE490";"0xE4";"0x90";"831";"13296";"0x33F0";"16"
"832";"쩍";"U+CA4D";"0xE491";"0xE4";"0x91";"832";"13312";"0x3400";"16"
"833";"쩐";"U+CA50";"0xE492";"0xE4";"0x92";"833";"13328";"0x3410";"16"
"834";"쩔";"U+CA54";"0xE493";"0xE4";"0x93";"834";"13344";"0x3420";"16"
"835";"쩡";"U+CA61";"0xE494";"0xE4";"0x94";"835";"13360";"0x3430";"16"
"836";"쪽";"U+CABD";"0xE495";"0xE4";"0x95";"836";"13376";"0x3440";"16"
"837";"쫄";"U+CAC4";"0xE496";"0xE4";"0x96";"837";"13392";"0x3450";"16"
"838";"쫓";"U+CAD3";"0xE497";"0xE4";"0x97";"838";"13408";"0x3460";"16"
"839";"쭉";"U+CB49";"0xE498";"0xE4";"0x98";"839";"13424";"0x3470";"16"
"840";"쭐";"U+CB50";"0xE499";"0xE4";"0x99";"840";"13440";"0x3480";"16"
"841";"쭤";"U+CB64";"0xE49A";"0xE4";"0x9A";"841";"13456";"0x3490";"16"
"842";"쯤";"U+CBE4";"0xE49B";"0xE4";"0x9B";"842";"13472";"0x34A0";"16"
"843";"찌";"U+CC0C";"0xE49C";"0xE4";"0x9C";"843";"13488";"0x34B0";"16"
"844";"찍";"U+CC0D";"0xE49D";"0xE4";"0x9D";"844";"13504";"0x34C0";"16"
"845";"찔";"U+CC14";"0xE49E";"0xE4";"0x9E";"845";"13520";"0x34D0";"16"
"846";"찜";"U+CC1C";"0xE49F";"0xE4";"0x9F";"846";"13536";"0x34E0";"16"
"847";"찢";"U+CC22";"0xE4A0";"0xE4";"0xA0";"847";"13552";"0x34F0";"16"
"848";"차";"U+CC28";"0xE4A1";"0xE4";"0xA1";"848";"13568";"0x3500";"16"
"849";"착";"U+CC29";"0xE4A2";"0xE4";"0xA2";"849";"13584";"0x3510";"16"
"850";"찬";"U+CC2C";"0xE4A3";"0xE4";"0xA3";"850";"13600";"0x3520";"16"
"851";"찮";"U+CC2E";"0xE4A4";"0xE4";"0xA4";"851";"13616";"0x3530";"16"
"852";"찰";"U+CC30";"0xE4A5";"0xE4";"0xA5";"852";"13632";"0x3540";"16"
"853";"참";"U+CC38";"0xE4A6";"0xE4";"0xA6";"853";"13648";"0x3550";"16"
"854";"찻";"U+CC3B";"0xE4A7";"0xE4";"0xA7";"854";"13664";"0x3560";"16"
"855";"찼";"U+CC3C";"0xE4A8";"0xE4";"0xA8";"855";"13680";"0x3570";"16"
"856";"창";"U+CC3D";"0xE4A9";"0xE4";"0xA9";"856";"13696";"0x3580";"16"
"857";"찾";"U+CC3E";"0xE4AA";"0xE4";"0xAA";"857";"13712";"0x3590";"16"
"858";"채";"U+CC44";"0xE4AB";"0xE4";"0xAB";"858";"13728";"0x35A0";"16"
"859";"책";"U+CC45";"0xE4AC";"0xE4";"0xAC";"859";"13744";"0x35B0";"16"
"860";"챈";"U+CC48";"0xE4AD";"0xE4";"0xAD";"860";"13760";"0x35C0";"16"
"861";"챙";"U+CC59";"0xE4AE";"0xE4";"0xAE";"861";"13776";"0x35D0";"16"
"862";"처";"U+CC98";"0xE4AF";"0xE4";"0xAF";"862";"13792";"0x35E0";"16"
"863";"척";"U+CC99";"0xE4B0";"0xE4";"0xB0";"863";"13808";"0x35F0";"16"
"864";"천";"U+CC9C";"0xE4B1";"0xE4";"0xB1";"864";"13824";"0x3600";"16"
"865";"철";"U+CCA0";"0xE4B2";"0xE4";"0xB2";"865";"13840";"0x3610";"16"
"866";"첨";"U+CCA8";"0xE4B3";"0xE4";"0xB3";"866";"13856";"0x3620";"16"
"867";"첩";"U+CCA9";"0xE4B4";"0xE4";"0xB4";"867";"13872";"0x3630";"16"
"868";"첫";"U+CCAB";"0xE4B5";"0xE4";"0xB5";"868";"13888";"0x3640";"16"
"869";"청";"U+CCAD";"0xE4B6";"0xE4";"0xB6";"869";"13904";"0x3650";"16"
"870";"체";"U+CCB4";"0xE4B7";"0xE4";"0xB7";"870";"13920";"0x3660";"16"
"871";"쳐";"U+CCD0";"0xE4B8";"0xE4";"0xB8";"871";"13936";"0x3670";"16"
"872";"쳤";"U+CCE4";"0xE4B9";"0xE4";"0xB9";"872";"13952";"0x3680";"16"
"873";"초";"U+CD08";"0xE4BA";"0xE4";"0xBA";"873";"13968";"0x3690";"16"
"874";"촉";"U+CD09";"0xE4BB";"0xE4";"0xBB";"874";"13984";"0x36A0";"16"
"875";"촛";"U+CD1B";"0xE4BC";"0xE4";"0xBC";"875";"14000";"0x36B0";"16"
"876";"총";"U+CD1D";"0xE4BD";"0xE4";"0xBD";"876";"14016";"0x36C0";"16"
"877";"최";"U+CD5C";"0xE4BE";"0xE4";"0xBE";"877";"14032";"0x36D0";"16"
"878";"추";"U+CD94";"0xE4BF";"0xE4";"0xBF";"878";"14048";"0x36E0";"16"
"879";"축";"U+CD95";"0xE4C0";"0xE4";"0xC0";"879";"14064";"0x36F0";"16"
"880";"춘";"U+CD98";"0xE4C1";"0xE4";"0xC1";"880";"14080";"0x3700";"16"
"881";"출";"U+CD9C";"0xE4C2";"0xE4";"0xC2";"881";"14096";"0x3710";"16"
"882";"춤";"U+CDA4";"0xE4C3";"0xE4";"0xC3";"882";"14112";"0x3720";"16"
"883";"충";"U+CDA9";"0xE4C4";"0xE4";"0xC4";"883";"14128";"0x3730";"16"
"884";"춰";"U+CDB0";"0xE4C5";"0xE4";"0xC5";"884";"14144";"0x3740";"16"
"885";"췄";"U+CDC4";"0xE4C6";"0xE4";"0xC6";"885";"14160";"0x3750";"16"
"886";"취";"U+CDE8";"0xE4C7";"0xE4";"0xC7";"886";"14176";"0x3760";"16"
"887";"츠";"U+CE20";"0xE4C8";"0xE4";"0xC8";"887";"14192";"0x3770";"16"
"888";"측";"U+CE21";"0xE4C9";"0xE4";"0xC9";"888";"14208";"0x3780";"16"
"889";"층";"U+CE35";"0xE4CA";"0xE4";"0xCA";"889";"14224";"0x3790";"16"
"890";"치";"U+CE58";"0xE4CB";"0xE4";"0xCB";"890";"14240";"0x37A0";"16"
"891";"칙";"U+CE59";"0xE4CC";"0xE4";"0xCC";"891";"14256";"0x37B0";"16"
"892";"친";"U+CE5C";"0xE4CD";"0xE4";"0xCD";"892";"14272";"0x37C0";"16"
"893";"칠";"U+CE60";"0xE4CE";"0xE4";"0xCE";"893";"14288";"0x37D0";"16"
"894";"침";"U+CE68";"0xE4CF";"0xE4";"0xCF";"894";"14304";"0x37E0";"16"
"895";"칫";"U+CE6B";"0xE4D0";"0xE4";"0xD0";"895";"14320";"0x37F0";"16"
"896";"칭";"U+CE6D";"0xE4D1";"0xE4";"0xD1";"896";"14336";"0x3800";"16"
"897";"카";"U+CE74";"0xE4D2";"0xE4";"0xD2";"897";"14352";"0x3810";"16"
"898";"칵";"U+CE75";"0xE4D3";"0xE4";"0xD3";"898";"14368";"0x3820";"16"
"899";"칸";"U+CE78";"0xE4D4";"0xE4";"0xD4";"899";"14384";"0x3830";"16"
"900";"칼";"U+CE7C";"0xE4D5";"0xE4";"0xD5";"900";"14400";"0x3840";"16"
"901";"캄";"U+CE84";"0xE4D6";"0xE4";"0xD6";"901";"14416";"0x3850";"16"
"902";"캉";"U+CE89";"0xE4D7";"0xE4";"0xD7";"902";"14432";"0x3860";"16"
"903";"캐";"U+CE90";"0xE4D8";"0xE4";"0xD8";"903";"14448";"0x3870";"16"
"904";"캔";"U+CE94";"0xE4D9";"0xE4";"0xD9";"904";"14464";"0x3880";"16"
"905";"커";"U+CEE4";"0xE4DA";"0xE4";"0xDA";"905";"14480";"0x3890";"16"
"906";"컨";"U+CEE8";"0xE4DB";"0xE4";"0xDB";"906";"14496";"0x38A0";"16"
"907";"컬";"U+CEEC";"0xE4DC";"0xE4";"0xDC";"907";"14512";"0x38B0";"16"
"908";"컴";"U+CEF4";"0xE4DD";"0xE4";"0xDD";"908";"14528";"0x38C0";"16"
"909";"컷";"U+CEF7";"0xE4DE";"0xE4";"0xDE";"909";"14544";"0x38D0";"16"
"910";"컸";"U+CEF8";"0xE4DF";"0xE4";"0xDF";"910";"14560";"0x38E0";"16"
"911";"케";"U+CF00";"0xE4E0";"0xE4";"0xE0";"911";"14576";"0x38F0";"16"
"912";"켁";"U+CF01";"0xE4E1";"0xE4";"0xE1";"912";"14592";"0x3900";"16"
"913";"켓";"U+CF13";"0xE4E2";"0xE4";"0xE2";"913";"14608";"0x3910";"16"
"914";"켜";"U+CF1C";"0xE4E3";"0xE4";"0xE3";"914";"14624";"0x3920";"16"
"915";"켠";"U+CF20";"0xE4E4";"0xE4";"0xE4";"915";"14640";"0x3930";"16"
"916";"켰";"U+CF30";"0xE4E5";"0xE4";"0xE5";"916";"14656";"0x3940";"16"
"917";"코";"U+CF54";"0xE4E6";"0xE4";"0xE6";"917";"14672";"0x3950";"16"
"918";"콘";"U+CF58";"0xE4E7";"0xE4";"0xE7";"918";"14688";"0x3960";"16"
"919";"콜";"U+CF5C";"0xE4E8";"0xE4";"0xE8";"919";"14704";"0x3970";"16"
"920";"콤";"U+CF64";"0xE4E9";"0xE4";"0xE9";"920";"14720";"0x3980";"16"
"921";"콧";"U+CF67";"0xE4EA";"0xE4";"0xEA";"921";"14736";"0x3990";"16"
"922";"쾌";"U+CF8C";"0xE4EB";"0xE4";"0xEB";"922";"14752";"0x39A0";"16"
"923";"쾨";"U+CFA8";"0xE4EC";"0xE4";"0xEC";"923";"14768";"0x39B0";"16"
"924";"퀴";"U+D034";"0xE4ED";"0xE4";"0xED";"924";"14784";"0x39C0";"16"
"925";"퀸";"U+D038";"0xE4EE";"0xE4";"0xEE";"925";"14800";"0x39D0";"16"
"926";"크";"U+D06C";"0xE4EF";"0xE4";"0xEF";"926";"14816";"0x39E0";"16"
"927";"큰";"U+D070";"0xE4F0";"0xE4";"0xF0";"927";"14832";"0x39F0";"16"
"928";"클";"U+D074";"0xE4F1";"0xE4";"0xF1";"928";"14848";"0x3A00";"16"
"929";"큼";"U+D07C";"0xE4F2";"0xE4";"0xF2";"929";"14864";"0x3A10";"16"
"930";"키";"U+D0A4";"0xE4F3";"0xE4";"0xF3";"930";"14880";"0x3A20";"16"
"931";"킨";"U+D0A8";"0xE4F4";"0xE4";"0xF4";"931";"14896";"0x3A30";"16"
"932";"킬";"U+D0AC";"0xE4F5";"0xE4";"0xF5";"932";"14912";"0x3A40";"16"
"933";"킹";"U+D0B9";"0xE4F6";"0xE4";"0xF6";"933";"14928";"0x3A50";"16"
"934";"타";"U+D0C0";"0xE4F7";"0xE4";"0xF7";"934";"14944";"0x3A60";"16"
"935";"탁";"U+D0C1";"0xE4F8";"0xE4";"0xF8";"935";"14960";"0x3A70";"16"
"936";"탄";"U+D0C4";"0xE4F9";"0xE4";"0xF9";"936";"14976";"0x3A80";"16"
"937";"탈";"U+D0C8";"0xE4FA";"0xE4";"0xFA";"937";"14992";"0x3A90";"16"
"938";"탐";"U+D0D0";"0xE4FB";"0xE4";"0xFB";"938";"15008";"0x3AA0";"16"
"939";"탑";"U+D0D1";"0xE4FC";"0xE4";"0xFC";"939";"15024";"0x3AB0";"16"
"940";"탓";"U+D0D3";"0xE540";"0xE5";"0x40";"940";"15040";"0x3AC0";"16"
"941";"탔";"U+D0D4";"0xE541";"0xE5";"0x41";"941";"15056";"0x3AD0";"16"
"942";"탕";"U+D0D5";"0xE542";"0xE5";"0x42";"942";"15072";"0x3AE0";"16"
"943";"태";"U+D0DC";"0xE543";"0xE5";"0x43";"943";"15088";"0x3AF0";"16"
"944";"택";"U+D0DD";"0xE544";"0xE5";"0x44";"944";"15104";"0x3B00";"16"
"945";"탠";"U+D0E0";"0xE545";"0xE5";"0x45";"945";"15120";"0x3B10";"16"
"946";"탱";"U+D0F1";"0xE546";"0xE5";"0x46";"946";"15136";"0x3B20";"16"
"947";"터";"U+D130";"0xE547";"0xE5";"0x47";"947";"15152";"0x3B30";"16"
"948";"턱";"U+D131";"0xE548";"0xE5";"0x48";"948";"15168";"0x3B40";"16"
"949";"턴";"U+D134";"0xE549";"0xE5";"0x49";"949";"15184";"0x3B50";"16"
"950";"털";"U+D138";"0xE54A";"0xE5";"0x4A";"950";"15200";"0x3B60";"16"
"951";"텅";"U+D145";"0xE54B";"0xE5";"0x4B";"951";"15216";"0x3B70";"16"
"952";"테";"U+D14C";"0xE54C";"0xE5";"0x4C";"952";"15232";"0x3B80";"16"
"953";"텐";"U+D150";"0xE54D";"0xE5";"0x4D";"953";"15248";"0x3B90";"16"
"954";"텔";"U+D154";"0xE54E";"0xE5";"0x4E";"954";"15264";"0x3BA0";"16"
"955";"템";"U+D15C";"0xE54F";"0xE5";"0x4F";"955";"15280";"0x3BB0";"16"
"956";"텨";"U+D168";"0xE550";"0xE5";"0x50";"956";"15296";"0x3BC0";"16"
"957";"토";"U+D1A0";"0xE551";"0xE5";"0x51";"957";"15312";"0x3BD0";"16"
"958";"톤";"U+D1A4";"0xE552";"0xE5";"0x52";"958";"15328";"0x3BE0";"16"
"959";"톨";"U+D1A8";"0xE553";"0xE5";"0x53";"959";"15344";"0x3BF0";"16"
"960";"통";"U+D1B5";"0xE554";"0xE5";"0x54";"960";"15360";"0x3C00";"16"
"961";"퇴";"U+D1F4";"0xE555";"0xE5";"0x55";"961";"15376";"0x3C10";"16"
"962";"투";"U+D22C";"0xE556";"0xE5";"0x56";"962";"15392";"0x3C20";"16"
"963";"퉁";"U+D241";"0xE557";"0xE5";"0x57";"963";"15408";"0x3C30";"16"
"964";"튀";"U+D280";"0xE558";"0xE5";"0x58";"964";"15424";"0x3C40";"16"
"965";"튕";"U+D295";"0xE559";"0xE5";"0x59";"965";"15440";"0x3C50";"16"
"966";"튜";"U+D29C";"0xE55A";"0xE5";"0x5A";"966";"15456";"0x3C60";"16"
"967";"트";"U+D2B8";"0xE55B";"0xE5";"0x5B";"967";"15472";"0x3C70";"16"
"968";"특";"U+D2B9";"0xE55C";"0xE5";"0x5C";"968";"15488";"0x3C80";"16"
"969";"튼";"U+D2BC";"0xE55D";"0xE5";"0x5D";"969";"15504";"0x3C90";"16"
"970";"틀";"U+D2C0";"0xE55E";"0xE5";"0x5E";"970";"15520";"0x3CA0";"16"
"971";"틈";"U+D2C8";"0xE55F";"0xE5";"0x5F";"971";"15536";"0x3CB0";"16"
"972";"티";"U+D2F0";"0xE560";"0xE5";"0x60";"972";"15552";"0x3CC0";"16"
"973";"틱";"U+D2F1";"0xE561";"0xE5";"0x61";"973";"15568";"0x3CD0";"16"
"974";"틴";"U+D2F4";"0xE562";"0xE5";"0x62";"974";"15584";"0x3CE0";"16"
"975";"팁";"U+D301";"0xE563";"0xE5";"0x63";"975";"15600";"0x3CF0";"16"
"976";"팅";"U+D305";"0xE564";"0xE5";"0x64";"976";"15616";"0x3D00";"16"
"977";"파";"U+D30C";"0xE565";"0xE5";"0x65";"977";"15632";"0x3D10";"16"
"978";"팍";"U+D30D";"0xE566";"0xE5";"0x66";"978";"15648";"0x3D20";"16"
"979";"판";"U+D310";"0xE567";"0xE5";"0x67";"979";"15664";"0x3D30";"16"
"980";"팔";"U+D314";"0xE568";"0xE5";"0x68";"980";"15680";"0x3D40";"16"
"981";"팠";"U+D320";"0xE569";"0xE5";"0x69";"981";"15696";"0x3D50";"16"
"982";"패";"U+D328";"0xE56A";"0xE5";"0x6A";"982";"15712";"0x3D60";"16"
"983";"팬";"U+D32C";"0xE56B";"0xE5";"0x6B";"983";"15728";"0x3D70";"16"
"984";"팻";"U+D33B";"0xE56C";"0xE5";"0x6C";"984";"15744";"0x3D80";"16"
"985";"퍼";"U+D37C";"0xE56D";"0xE5";"0x6D";"985";"15760";"0x3D90";"16"
"986";"펀";"U+D380";"0xE56E";"0xE5";"0x6E";"986";"15776";"0x3DA0";"16"
"987";"펄";"U+D384";"0xE56F";"0xE5";"0x6F";"987";"15792";"0x3DB0";"16"
"988";"펍";"U+D38D";"0xE570";"0xE5";"0x70";"988";"15808";"0x3DC0";"16"
"989";"펑";"U+D391";"0xE571";"0xE5";"0x71";"989";"15824";"0x3DD0";"16"
"990";"페";"U+D398";"0xE572";"0xE5";"0x72";"990";"15840";"0x3DE0";"16"
"991";"펜";"U+D39C";"0xE573";"0xE5";"0x73";"991";"15856";"0x3DF0";"16"
"992";"펠";"U+D3A0";"0xE574";"0xE5";"0x74";"992";"15872";"0x3E00";"16"
"993";"펴";"U+D3B4";"0xE575";"0xE5";"0x75";"993";"15888";"0x3E10";"16"
"994";"편";"U+D3B8";"0xE576";"0xE5";"0x76";"994";"15904";"0x3E20";"16"
"995";"펼";"U+D3BC";"0xE577";"0xE5";"0x77";"995";"15920";"0x3E30";"16"
"996";"폈";"U+D3C8";"0xE578";"0xE5";"0x78";"996";"15936";"0x3E40";"16"
"997";"평";"U+D3C9";"0xE579";"0xE5";"0x79";"997";"15952";"0x3E50";"16"
"998";"폐";"U+D3D0";"0xE57A";"0xE5";"0x7A";"998";"15968";"0x3E60";"16"
"999";"포";"U+D3EC";"0xE57B";"0xE5";"0x7B";"999";"15984";"0x3E70";"16"
"1000";"폭";"U+D3ED";"0xE57C";"0xE5";"0x7C";"1000";"16000";"0x3E80";"16"
"1001";"폰";"U+D3F0";"0xE57D";"0xE5";"0x7D";"1001";"16016";"0x3E90";"16"
"1002";"폴";"U+D3F4";"0xE57E";"0xE5";"0x7E";"1002";"16032";"0x3EA0";"16"
"1003";"폼";"U+D3FC";"0xE580";"0xE5";"0x80";"1003";"16048";"0x3EB0";"16"
"1004";"표";"U+D45C";"0xE581";"0xE5";"0x81";"1004";"16064";"0x3EC0";"16"
"1005";"푸";"U+D478";"0xE582";"0xE5";"0x82";"1005";"16080";"0x3ED0";"16"
"1006";"푹";"U+D479";"0xE583";"0xE5";"0x83";"1006";"16096";"0x3EE0";"16"
"1007";"푼";"U+D47C";"0xE584";"0xE5";"0x84";"1007";"16112";"0x3EF0";"16"
"1008";"풀";"U+D480";"0xE585";"0xE5";"0x85";"1008";"16128";"0x3F00";"16"
"1009";"품";"U+D488";"0xE586";"0xE5";"0x86";"1009";"16144";"0x3F10";"16"
"1010";"풋";"U+D48B";"0xE587";"0xE5";"0x87";"1010";"16160";"0x3F20";"16"
"1011";"풍";"U+D48D";"0xE588";"0xE5";"0x88";"1011";"16176";"0x3F30";"16"
"1012";"프";"U+D504";"0xE589";"0xE5";"0x89";"1012";"16192";"0x3F40";"16"
"1013";"픈";"U+D508";"0xE58A";"0xE5";"0x8A";"1013";"16208";"0x3F50";"16"
"1014";"플";"U+D50C";"0xE58B";"0xE5";"0x8B";"1014";"16224";"0x3F60";"16"
"1015";"픔";"U+D514";"0xE58C";"0xE5";"0x8C";"1015";"16240";"0x3F70";"16"
"1016";"피";"U+D53C";"0xE58D";"0xE5";"0x8D";"1016";"16256";"0x3F80";"16"
"1017";"핀";"U+D540";"0xE58E";"0xE5";"0x8E";"1017";"16272";"0x3F90";"16"
"1018";"필";"U+D544";"0xE58F";"0xE5";"0x8F";"1018";"16288";"0x3FA0";"16"
"1019";"핏";"U+D54F";"0xE590";"0xE5";"0x90";"1019";"16304";"0x3FB0";"16"
"1020";"핑";"U+D551";"0xE591";"0xE5";"0x91";"1020";"16320";"0x3FC0";"16"
"1021";"하";"U+D558";"0xE592";"0xE5";"0x92";"1021";"16336";"0x3FD0";"16"
"1022";"학";"U+D559";"0xE593";"0xE5";"0x93";"1022";"16352";"0x3FE0";"16"
"1023";"한";"U+D55C";"0xE594";"0xE5";"0x94";"1023";"16368";"0x3FF0";"16"
"1024";"할";"U+D560";"0xE595";"0xE5";"0x95";"1024";"16384";"0x4000";"16"
"1025";"핥";"U+D565";"0xE596";"0xE5";"0x96";"1025";"16400";"0x4010";"16"
"1026";"함";"U+D568";"0xE597";"0xE5";"0x97";"1026";"16416";"0x4020";"16"
"1027";"합";"U+D569";"0xE598";"0xE5";"0x98";"1027";"16432";"0x4030";"16"
"1028";"핫";"U+D56B";"0xE599";"0xE5";"0x99";"1028";"16448";"0x4040";"16"
"1029";"항";"U+D56D";"0xE59A";"0xE5";"0x9A";"1029";"16464";"0x4050";"16"
"1030";"해";"U+D574";"0xE59B";"0xE5";"0x9B";"1030";"16480";"0x4060";"16"
"1031";"핸";"U+D578";"0xE59C";"0xE5";"0x9C";"1031";"16496";"0x4070";"16"
"1032";"핼";"U+D57C";"0xE59D";"0xE5";"0x9D";"1032";"16512";"0x4080";"16"
"1033";"햇";"U+D587";"0xE59E";"0xE5";"0x9E";"1033";"16528";"0x4090";"16"
"1034";"했";"U+D588";"0xE59F";"0xE5";"0x9F";"1034";"16544";"0x40A0";"16"
"1035";"행";"U+D589";"0xE5A0";"0xE5";"0xA0";"1035";"16560";"0x40B0";"16"
"1036";"향";"U+D5A5";"0xE5A1";"0xE5";"0xA1";"1036";"16576";"0x40C0";"16"
"1037";"허";"U+D5C8";"0xE5A2";"0xE5";"0xA2";"1037";"16592";"0x40D0";"16"
"1038";"헌";"U+D5CC";"0xE5A3";"0xE5";"0xA3";"1038";"16608";"0x40E0";"16"
"1039";"헐";"U+D5D0";"0xE5A4";"0xE5";"0xA4";"1039";"16624";"0x40F0";"16"
"1040";"험";"U+D5D8";"0xE5A5";"0xE5";"0xA5";"1040";"16640";"0x4100";"16"
"1041";"헛";"U+D5DB";"0xE5A6";"0xE5";"0xA6";"1041";"16656";"0x4110";"16"
"1042";"헤";"U+D5E4";"0xE5A7";"0xE5";"0xA7";"1042";"16672";"0x4120";"16"
"1043";"헨";"U+D5E8";"0xE5A8";"0xE5";"0xA8";"1043";"16688";"0x4130";"16"
"1044";"헬";"U+D5EC";"0xE5A9";"0xE5";"0xA9";"1044";"16704";"0x4140";"16"
"1045";"혀";"U+D600";"0xE5AA";"0xE5";"0xAA";"1045";"16720";"0x4150";"16"
"1046";"현";"U+D604";"0xE5AB";"0xE5";"0xAB";"1046";"16736";"0x4160";"16"
"1047";"혈";"U+D608";"0xE5AC";"0xE5";"0xAC";"1047";"16752";"0x4170";"16"
"1048";"협";"U+D611";"0xE5AD";"0xE5";"0xAD";"1048";"16768";"0x4180";"16"
"1049";"혔";"U+D614";"0xE5AE";"0xE5";"0xAE";"1049";"16784";"0x4190";"16"
"1050";"형";"U+D615";"0xE5AF";"0xE5";"0xAF";"1050";"16800";"0x41A0";"16"
"1051";"혜";"U+D61C";"0xE5B0";"0xE5";"0xB0";"1051";"16816";"0x41B0";"16"
"1052";"호";"U+D638";"0xE5B1";"0xE5";"0xB1";"1052";"16832";"0x41C0";"16"
"1053";"혹";"U+D639";"0xE5B2";"0xE5";"0xB2";"1053";"16848";"0x41D0";"16"
"1054";"혼";"U+D63C";"0xE5B3";"0xE5";"0xB3";"1054";"16864";"0x41E0";"16"
"1055";"홀";"U+D640";"0xE5B4";"0xE5";"0xB4";"1055";"16880";"0x41F0";"16"
"1056";"홉";"U+D649";"0xE5B5";"0xE5";"0xB5";"1056";"16896";"0x4200";"16"
"1057";"홍";"U+D64D";"0xE5B6";"0xE5";"0xB6";"1057";"16912";"0x4210";"16"
"1058";"화";"U+D654";"0xE5B7";"0xE5";"0xB7";"1058";"16928";"0x4220";"16"
"1059";"확";"U+D655";"0xE5B8";"0xE5";"0xB8";"1059";"16944";"0x4230";"16"
"1060";"환";"U+D658";"0xE5B9";"0xE5";"0xB9";"1060";"16960";"0x4240";"16"
"1061";"활";"U+D65C";"0xE5BA";"0xE5";"0xBA";"1061";"16976";"0x4250";"16"
"1062";"황";"U+D669";"0xE5BB";"0xE5";"0xBB";"1062";"16992";"0x4260";"16"
"1063";"회";"U+D68C";"0xE5BC";"0xE5";"0xBC";"1063";"17008";"0x4270";"16"
"1064";"획";"U+D68D";"0xE5BD";"0xE5";"0xBD";"1064";"17024";"0x4280";"16"
"1065";"횟";"U+D69F";"0xE5BE";"0xE5";"0xBE";"1065";"17040";"0x4290";"16"
"1066";"효";"U+D6A8";"0xE5BF";"0xE5";"0xBF";"1066";"17056";"0x42A0";"16"
"1067";"후";"U+D6C4";"0xE5C0";"0xE5";"0xC0";"1067";"17072";"0x42B0";"16"
"1068";"훈";"U+D6C8";"0xE5C1";"0xE5";"0xC1";"1068";"17088";"0x42C0";"16"
"1069";"훌";"U+D6CC";"0xE5C2";"0xE5";"0xC2";"1069";"17104";"0x42D0";"16"
"1070";"훑";"U+D6D1";"0xE5C3";"0xE5";"0xC3";"1070";"17120";"0x42E0";"16"
"1071";"훔";"U+D6D4";"0xE5C4";"0xE5";"0xC4";"1071";"17136";"0x42F0";"16"
"1072";"훗";"U+D6D7";"0xE5C5";"0xE5";"0xC5";"1072";"17152";"0x4300";"16"
"1073";"훨";"U+D6E8";"0xE5C6";"0xE5";"0xC6";"1073";"17168";"0x4310";"16"
"1074";"휘";"U+D718";"0xE5C7";"0xE5";"0xC7";"1074";"17184";"0x4320";"16"
"1075";"휩";"U+D729";"0xE5C8";"0xE5";"0xC8";"1075";"17200";"0x4330";"16"
"1076";"휴";"U+D734";"0xE5C9";"0xE5";"0xC9";"1076";"17216";"0x4340";"16"
"1077";"흉";"U+D749";"0xE5CA";"0xE5";"0xCA";"1077";"17232";"0x4350";"16"
"1078";"흐";"U+D750";"0xE5CB";"0xE5";"0xCB";"1078";"17248";"0x4360";"16"
"1079";"흑";"U+D751";"0xE5CC";"0xE5";"0xCC";"1079";"17264";"0x4370";"16"
"1080";"흔";"U+D754";"0xE5CD";"0xE5";"0xCD";"1080";"17280";"0x4380";"16"
"1081";"흘";"U+D758";"0xE5CE";"0xE5";"0xCE";"1081";"17296";"0x4390";"16"
"1082";"흙";"U+D759";"0xE5CF";"0xE5";"0xCF";"1082";"17312";"0x43A0";"16"
"1083";"흠";"U+D760";"0xE5D0";"0xE5";"0xD0";"1083";"17328";"0x43B0";"16"
"1084";"흡";"U+D761";"0xE5D1";"0xE5";"0xD1";"1084";"17344";"0x43C0";"16"
"1085";"흥";"U+D765";"0xE5D2";"0xE5";"0xD2";"1085";"17360";"0x43D0";"16"
"1086";"흩";"U+D769";"0xE5D3";"0xE5";"0xD3";"1086";"17376";"0x43E0";"16"
"1087";"희";"U+D76C";"0xE5D4";"0xE5";"0xD4";"1087";"17392";"0x43F0";"16"
"1088";"흰";"U+D770";"0xE5D5";"0xE5";"0xD5";"1088";"17408";"0x4400";"16"
"1089";"히";"U+D788";"0xE5D6";"0xE5";"0xD6";"1089";"17424";"0x4410";"16"
"1090";"힌";"U+D78C";"0xE5D7";"0xE5";"0xD7";"1090";"17440";"0x4420";"16"
"1091";"힐";"U+D790";"0xE5D8";"0xE5";"0xD8";"1091";"17456";"0x4430";"16"
"1092";"힘";"U+D798";"0xE5D9";"0xE5";"0xD9";"1092";"17472";"0x4440";"16"
