index,syllable,unicode,codepoint,x,y,status
0,가,U+AC00,44032,0,0,used
1,각,U+AC01,44033,8,0,used
2,간,U+AC04,44036,16,0,used
3,갇,U+AC07,44039,24,0,used
4,갈,U+AC08,44040,32,0,used
5,감,U+AC10,44048,40,0,used
6,갑,U+AC11,44049,48,0,used
7,갔,U+AC14,44052,56,0,used
8,강,U+AC15,44053,64,0,used
9,갖,U+AC16,44054,72,0,used
10,같,U+AC19,44057,80,0,used
11,갚,U+AC1A,44058,88,0,used
12,개,U+AC1C,44060,96,0,used
13,객,U+AC1D,44061,104,0,used
14,거,U+AC70,44144,112,0,used
15,걱,U+AC71,44145,120,0,used
16,건,U+AC74,44148,0,16,used
17,걷,U+AC77,44151,8,16,used
18,걸,U+AC78,44152,16,16,used
19,검,U+AC80,44160,24,16,used
20,겁,U+AC81,44161,32,16,used
21,것,U+AC83,44163,40,16,used
22,겉,U+AC89,44169,48,16,used
23,겋,U+AC8B,44171,56,16,used
24,게,U+AC8C,44172,64,16,used
25,겐,U+AC90,44176,72,16,used
26,겠,U+ACA0,44192,80,16,used
27,겨,U+ACA8,44200,88,16,used
28,격,U+ACA9,44201,96,16,used
29,겪,U+ACAA,44202,104,16,used
30,견,U+ACAC,44204,112,16,used
31,결,U+ACB0,44208,120,16,used
32,겸,U+ACB8,44216,0,32,used
33,겹,U+ACB9,44217,8,32,used
34,겼,U+ACBC,44220,16,32,used
35,경,U+ACBD,44221,24,32,used
36,곁,U+ACC1,44225,32,32,used
37,계,U+ACC4,44228,40,32,used
38,고,U+ACE0,44256,48,32,used
39,곡,U+ACE1,44257,56,32,used
40,곤,U+ACE4,44260,64,32,used
41,곧,U+ACE7,44263,72,32,used
42,골,U+ACE8,44264,80,32,used
43,곯,U+ACEF,44271,88,32,used
44,곱,U+ACF1,44273,96,32,used
45,곳,U+ACF3,44275,104,32,used
46,공,U+ACF5,44277,112,32,used
47,과,U+ACFC,44284,120,32,used
48,곽,U+ACFD,44285,0,48,used
49,관,U+AD00,44288,8,48,used
50,광,U+AD11,44305,16,48,used
51,괜,U+AD1C,44316,24,48,used
52,괭,U+AD2D,44333,32,48,used
53,괴,U+AD34,44340,40,48,used
54,괸,U+AD38,44344,48,48,used
55,굉,U+AD49,44361,56,48,used
56,교,U+AD50,44368,64,48,used
57,구,U+AD6C,44396,72,48,used
58,국,U+AD6D,44397,80,48,used
59,군,U+AD70,44400,88,48,used
60,굳,U+AD73,44403,96,48,used
61,굴,U+AD74,44404,104,48,used
62,굵,U+AD75,44405,112,48,used
63,굶,U+AD76,44406,120,48,used
64,굽,U+AD7D,44413,0,64,used
65,굿,U+AD7F,44415,8,64,used
66,궁,U+AD81,44417,16,64,used
67,권,U+AD8C,44428,24,64,used
68,귀,U+ADC0,44480,32,64,used
69,귓,U+ADD3,44499,40,64,used
70,규,U+ADDC,44508,48,64,used
71,그,U+ADF8,44536,56,64,used
72,극,U+ADF9,44537,64,64,used
73,근,U+ADFC,44540,72,64,used
74,글,U+AE00,44544,80,64,used
75,금,U+AE08,44552,88,64,used
76,급,U+AE09,44553,96,64,used
77,긋,U+AE0B,44555,104,64,used
78,기,U+AE30,44592,112,64,used
79,긴,U+AE34,44596,120,64,used
80,길,U+AE38,44600,0,80,used
81,김,U+AE40,44608,8,80,used
82,깁,U+AE41,44609,16,80,used
83,깃,U+AE43,44611,24,80,used
84,깊,U+AE4A,44618,32,80,used
85,까,U+AE4C,44620,40,80,used
86,깐,U+AE50,44624,48,80,used
87,깔,U+AE54,44628,56,80,used
88,깜,U+AE5C,44636,64,80,used
89,깝,U+AE5D,44637,72,80,used
90,깥,U+AE65,44645,80,80,used
91,깨,U+AE68,44648,88,80,used
92,깰,U+AE70,44656,96,80,used
93,깼,U+AE7C,44668,104,80,used
94,꺄,U+AE84,44676,112,80,used
95,꺼,U+AEBC,44732,120,80,used
96,꺾,U+AEBE,44734,0,96,used
97,껄,U+AEC4,44740,8,96,used
98,껏,U+AECF,44751,16,96,used
99,껑,U+AED1,44753,24,96,used
100,께,U+AED8,44760,32,96,used
101,껴,U+AEF4,44788,40,96,used
102,꼈,U+AF08,44808,48,96,used
103,꼬,U+AF2C,44844,56,96,used
104,꼭,U+AF2D,44845,64,96,used
105,꼴,U+AF34,44852,72,96,used
106,꼼,U+AF3C,44860,80,96,used
107,꽂,U+AF42,44866,88,96,used
108,꽃,U+AF43,44867,96,96,used
109,꽉,U+AF49,44873,104,96,used
110,꽤,U+AF64,44900,112,96,used
111,꾸,U+AFB8,44984,120,96,used
112,꾼,U+AFBC,44988,0,112,used
113,꿀,U+AFC0,44992,8,112,used
114,꿈,U+AFC8,45000,16,112,used
115,꿔,U+AFD4,45012,24,112,used
116,꿨,U+AFE8,45032,32,112,used
117,꿰,U+AFF0,45040,40,112,used
118,뀌,U+B00C,45068,48,112,used
119,뀔,U+B014,45076,56,112,used
120,끄,U+B044,45124,64,112,used
121,끈,U+B048,45128,72,112,used
122,끊,U+B04A,45130,80,112,used
123,끌,U+B04C,45132,88,112,used
124,끓,U+B053,45139,96,112,used
125,끔,U+B054,45140,104,112,used
126,끗,U+B057,45143,112,112,used
127,끙,U+B059,45145,120,112,used
128,끝,U+B05D,45149,0,128,used
129,끼,U+B07C,45180,8,128,used
130,낀,U+B080,45184,16,128,used
131,낄,U+B084,45188,24,128,used
132,낌,U+B08C,45196,32,128,used
133,나,U+B098,45208,40,128,used
134,낙,U+B099,45209,48,128,used
135,난,U+B09C,45212,56,128,used
136,날,U+B0A0,45216,64,128,used
137,낡,U+B0A1,45217,72,128,used
138,남,U+B0A8,45224,80,128,used
139,납,U+B0A9,45225,88,128,used
140,낫,U+B0AB,45227,96,128,used
141,났,U+B0AC,45228,104,128,used
142,낭,U+B0AD,45229,112,128,used
143,낮,U+B0AE,45230,120,128,used
144,낯,U+B0AF,45231,0,144,used
145,낳,U+B0B3,45235,8,144,used
146,내,U+B0B4,45236,16,144,used
147,낸,U+B0B8,45240,24,144,used
148,낼,U+B0BC,45244,32,144,used
149,냄,U+B0C4,45252,40,144,used
150,냅,U+B0C5,45253,48,144,used
151,냈,U+B0C8,45256,56,144,used
152,냉,U+B0C9,45257,64,144,used
153,냐,U+B0D0,45264,72,144,used
154,냥,U+B0E5,45285,80,144,used
155,너,U+B108,45320,88,144,used
156,넋,U+B10B,45323,96,144,used
157,넌,U+B10C,45324,104,144,used
158,널,U+B110,45328,112,144,used
159,넓,U+B113,45331,120,144,used
160,넘,U+B118,45336,0,160,used
161,넜,U+B11C,45340,8,160,used
162,넣,U+B123,45347,16,160,used
163,네,U+B124,45348,24,160,used
164,넨,U+B128,45352,32,160,used
165,넬,U+B12C,45356,40,160,used
166,넵,U+B135,45365,48,160,used
167,넸,U+B138,45368,56,160,used
168,녀,U+B140,45376,64,160,used
169,녁,U+B141,45377,72,160,used
170,년,U+B144,45380,80,160,used
171,념,U+B150,45392,88,160,used
172,녔,U+B154,45396,96,160,used
173,녕,U+B155,45397,104,160,used
174,노,U+B178,45432,112,160,used
175,녹,U+B179,45433,120,160,used
176,논,U+B17C,45436,0,176,used
177,놀,U+B180,45440,8,176,used
178,놈,U+B188,45448,16,176,used
179,농,U+B18D,45453,24,176,used
180,높,U+B192,45458,32,176,used
181,놓,U+B193,45459,40,176,used
182,놔,U+B194,45460,48,176,used
183,놨,U+B1A8,45480,56,176,used
184,뇌,U+B1CC,45516,64,176,used
185,뇨,U+B1E8,45544,72,176,used
186,누,U+B204,45572,80,176,used
187,눈,U+B208,45576,88,176,used
188,눌,U+B20C,45580,96,176,used
189,눕,U+B215,45589,104,176,used
190,눠,U+B220,45600,112,176,used
191,눴,U+B234,45620,120,176,used
192,뉘,U+B258,45656,0,192,used
193,뉜,U+B25C,45660,8,192,used
194,뉴,U+B274,45684,16,192,used
195,느,U+B290,45712,24,192,used
196,는,U+B294,45716,32,192,used
197,늘,U+B298,45720,40,192,used
198,늙,U+B299,45721,48,192,used
199,능,U+B2A5,45733,56,192,used
200,늦,U+B2A6,45734,64,192,used
201,늬,U+B2AC,45740,72,192,used
202,니,U+B2C8,45768,80,192,used
203,닉,U+B2C9,45769,88,192,used
204,닌,U+B2CC,45772,96,192,used
205,닐,U+B2D0,45776,104,192,used
206,님,U+B2D8,45784,112,192,used
207,닙,U+B2D9,45785,120,192,used
208,닛,U+B2DB,45787,0,208,used
209,닝,U+B2DD,45789,8,208,used
210,다,U+B2E4,45796,16,208,used
211,닥,U+B2E5,45797,24,208,used
212,닦,U+B2E6,45798,32,208,used
213,단,U+B2E8,45800,40,208,used
214,닫,U+B2EB,45803,48,208,used
215,달,U+B2EC,45804,56,208,used
216,닮,U+B2EE,45806,64,208,used
217,담,U+B2F4,45812,72,208,used
218,답,U+B2F5,45813,80,208,used
219,닷,U+B2F7,45815,88,208,used
220,당,U+B2F9,45817,96,208,used
221,닿,U+B2FF,45823,104,208,used
222,대,U+B300,45824,112,208,used
223,댄,U+B304,45828,120,208,used
224,댈,U+B308,45832,0,224,used
225,댔,U+B314,45844,8,224,used
226,댕,U+B315,45845,16,224,used
227,더,U+B354,45908,24,224,used
228,덕,U+B355,45909,32,224,used
229,던,U+B358,45912,40,224,used
230,덜,U+B35C,45916,48,224,used
231,덤,U+B364,45924,56,224,used
232,덩,U+B369,45929,64,224,used
233,덫,U+B36B,45931,72,224,used
234,덮,U+B36E,45934,80,224,used
235,데,U+B370,45936,88,224,used
236,뎌,U+B38C,45964,96,224,used
237,뎠,U+B3A0,45984,104,224,used
238,도,U+B3C4,46020,112,224,used
239,독,U+B3C5,46021,120,224,used
240,돈,U+B3C8,46024,0,240,used
241,돋,U+B3CB,46027,8,240,used
242,돌,U+B3CC,46028,16,240,used
243,돔,U+B3D4,46036,24,240,used
244,돕,U+B3D5,46037,32,240,used
245,동,U+B3D9,46041,40,240,used
246,돼,U+B3FC,46076,48,240,used
247,됐,U+B410,46096,56,240,used
248,되,U+B418,46104,64,240,used
249,된,U+B41C,46108,72,240,used
250,될,U+B420,46112,80,240,used
251,됩,U+B429,46121,88,240,used
252,두,U+B450,46160,96,240,used
253,둑,U+B451,46161,104,240,used
254,둔,U+B454,46164,112,240,used
255,둘,U+B458,46168,120,240,used
256,둠,U+B460,46176,0,256,used
257,둡,U+B461,46177,8,256,used
258,둥,U+B465,46181,16,256,used
259,둬,U+B46C,46188,24,256,used
260,뒀,U+B480,46208,32,256,used
261,뒤,U+B4A4,46244,40,256,used
262,뒷,U+B4B7,46263,48,256,used
263,뒹,U+B4B9,46265,56,256,used
264,듀,U+B4C0,46272,64,256,used
265,드,U+B4DC,46300,72,256,used
266,득,U+B4DD,46301,80,256,used
267,든,U+B4E0,46304,88,256,used
268,듣,U+B4E3,46307,96,256,used
269,들,U+B4E4,46308,104,256,used
270,듬,U+B4EC,46316,112,256,used
271,듯,U+B4EF,46319,120,256,used
272,등,U+B4F1,46321,0,272,used
273,디,U+B514,46356,8,272,used
274,딘,U+B518,46360,16,272,used
275,딜,U+B51C,46364,24,272,used
276,딩,U+B529,46377,32,272,used
277,딪,U+B52A,46378,40,272,used
278,따,U+B530,46384,48,272,used
279,딱,U+B531,46385,56,272,used
280,딴,U+B534,46388,64,272,used
281,땀,U+B540,46400,72,272,used
282,땅,U+B545,46405,80,272,used
283,때,U+B54C,46412,88,272,used
284,땠,U+B560,46432,96,272,used
285,떠,U+B5A0,46496,104,272,used
286,떡,U+B5A1,46497,112,272,used
287,떤,U+B5A4,46500,120,272,used
288,떨,U+B5A8,46504,0,288,used
289,떴,U+B5B4,46516,8,288,used
290,떻,U+B5BB,46523,16,288,used
291,떼,U+B5BC,46524,24,288,used
292,뗀,U+B5C0,46528,32,288,used
293,또,U+B610,46608,40,288,used
294,똑,U+B611,46609,48,288,used
295,똥,U+B625,46629,56,288,used
296,뚜,U+B69C,46748,64,288,used
297,뚝,U+B69D,46749,72,288,used
298,뚫,U+B6AB,46763,80,288,used
299,뚱,U+B6B1,46769,88,288,used
300,뛰,U+B6F0,46832,96,288,used
301,뜨,U+B728,46888,104,288,used
302,뜩,U+B729,46889,112,288,used
303,뜬,U+B72C,46892,120,288,used
304,뜯,U+B72F,46895,0,304,used
305,뜰,U+B730,46896,8,304,used
306,뜻,U+B73B,46907,16,304,used
307,띄,U+B744,46916,24,304,used
308,띠,U+B760,46944,32,304,used
309,띤,U+B764,46948,40,304,used
310,라,U+B77C,46972,48,304,used
311,락,U+B77D,46973,56,304,used
312,란,U+B780,46976,64,304,used
313,랄,U+B784,46980,72,304,used
314,람,U+B78C,46988,80,304,used
315,랍,U+B78D,46989,88,304,used
316,랐,U+B790,46992,96,304,used
317,랑,U+B791,46993,104,304,used
318,래,U+B798,47000,112,304,used
319,랜,U+B79C,47004,120,304,used
320,램,U+B7A8,47016,0,320,used
321,랫,U+B7AB,47019,8,320,used
322,랬,U+B7AC,47020,16,320,used
323,략,U+B7B5,47029,24,320,used
324,량,U+B7C9,47049,32,320,used
325,러,U+B7EC,47084,40,320,used
326,럭,U+B7ED,47085,48,320,used
327,런,U+B7F0,47088,56,320,used
328,럴,U+B7F4,47092,64,320,used
329,럼,U+B7FC,47100,72,320,used
330,럽,U+B7FD,47101,80,320,used
331,렀,U+B800,47104,88,320,used
332,렁,U+B801,47105,96,320,used
333,렇,U+B807,47111,104,320,used
334,레,U+B808,47112,112,320,used
335,렉,U+B809,47113,120,320,used
336,렌,U+B80C,47116,0,336,used
337,렘,U+B818,47128,8,336,used
338,려,U+B824,47140,16,336,used
339,력,U+B825,47141,24,336,used
340,련,U+B828,47144,32,336,used
341,렬,U+B82C,47148,40,336,used
342,렴,U+B834,47156,48,336,used
343,렵,U+B835,47157,56,336,used
344,렷,U+B837,47159,64,336,used
345,렸,U+B838,47160,72,336,used
346,령,U+B839,47161,80,336,used
347,례,U+B840,47168,88,336,used
348,로,U+B85C,47196,96,336,used
349,록,U+B85D,47197,104,336,used
350,론,U+B860,47200,112,336,used
351,롭,U+B86D,47213,120,336,used
352,롱,U+B871,47217,0,352,used
353,뢰,U+B8B0,47280,8,352,used
354,료,U+B8CC,47308,16,352,used
355,루,U+B8E8,47336,24,352,used
356,룩,U+B8E9,47337,32,352,used
357,룬,U+B8EC,47340,40,352,used
358,룰,U+B8F0,47344,48,352,used
359,룸,U+B8F8,47352,56,352,used
360,룻,U+B8FB,47355,64,352,used
361,뤄,U+B904,47364,72,352,used
362,뤼,U+B93C,47420,80,352,used
363,류,U+B958,47448,88,352,used
364,륨,U+B968,47464,96,352,used
365,륭,U+B96D,47469,104,352,used
366,르,U+B974,47476,112,352,used
367,른,U+B978,47480,120,352,used
368,를,U+B97C,47484,0,368,used
369,름,U+B984,47492,8,368,used
370,릅,U+B985,47493,16,368,used
371,릇,U+B987,47495,24,368,used
372,릎,U+B98E,47502,32,368,used
373,리,U+B9AC,47532,40,368,used
374,릭,U+B9AD,47533,48,368,used
375,린,U+B9B0,47536,56,368,used
376,릴,U+B9B4,47540,64,368,used
377,림,U+B9BC,47548,72,368,used
378,립,U+B9BD,47549,80,368,used
379,릿,U+B9BF,47551,88,368,used
380,링,U+B9C1,47553,96,368,used
381,마,U+B9C8,47560,104,368,used
382,막,U+B9C9,47561,112,368,used
383,만,U+B9CC,47564,120,368,used
384,많,U+B9CE,47566,0,384,used
385,말,U+B9D0,47568,8,384,used
386,맑,U+B9D1,47569,16,384,used
387,맙,U+B9D9,47577,24,384,used
388,맛,U+B9DB,47579,32,384,used
389,망,U+B9DD,47581,40,384,used
390,맞,U+B9DE,47582,48,384,used
391,맡,U+B9E1,47585,56,384,used
392,맣,U+B9E3,47587,64,384,used
393,매,U+B9E4,47588,72,384,used
394,맥,U+B9E5,47589,80,384,used
395,맨,U+B9E8,47592,88,384,used
396,맴,U+B9F4,47604,96,384,used
397,맷,U+B9F7,47607,104,384,used
398,맸,U+B9F8,47608,112,384,used
399,맹,U+B9F9,47609,120,384,used
400,맺,U+B9FA,47610,0,400,used
401,머,U+BA38,47672,8,400,used
402,먹,U+BA39,47673,16,400,used
403,먼,U+BA3C,47676,24,400,used
404,멀,U+BA40,47680,32,400,used
405,멈,U+BA48,47688,40,400,used
406,멋,U+BA4B,47691,48,400,used
407,멍,U+BA4D,47693,56,400,used
408,멎,U+BA4E,47694,64,400,used
409,메,U+BA54,47700,72,400,used
410,멘,U+BA58,47704,80,400,used
411,멜,U+BA5C,47708,88,400,used
412,멤,U+BA64,47716,96,400,used
413,며,U+BA70,47728,104,400,used
414,면,U+BA74,47732,112,400,used
415,멸,U+BA78,47736,120,400,used
416,명,U+BA85,47749,0,416,used
417,몇,U+BA87,47751,8,416,used
418,모,U+BAA8,47784,16,416,used
419,목,U+BAA9,47785,24,416,used
420,몫,U+BAAB,47787,32,416,used
421,몰,U+BAB0,47792,40,416,used
422,몸,U+BAB8,47800,48,416,used
423,몹,U+BAB9,47801,56,416,used
424,못,U+BABB,47803,64,416,used
425,몽,U+BABD,47805,72,416,used
426,묘,U+BB18,47896,80,416,used
427,무,U+BB34,47924,88,416,used
428,묵,U+BB35,47925,96,416,used
429,묶,U+BB36,47926,104,416,used
430,문,U+BB38,47928,112,416,used
431,묻,U+BB3B,47931,120,416,used
432,물,U+BB3C,47932,0,432,used
433,뭇,U+BB47,47943,8,432,used
434,뭐,U+BB50,47952,16,432,used
435,뭔,U+BB54,47956,24,432,used
436,뭘,U+BB58,47960,32,432,used
437,뭣,U+BB63,47971,40,432,used
438,뮤,U+BBA4,48036,48,432,used
439,미,U+BBF8,48120,56,432,used
440,민,U+BBFC,48124,64,432,used
441,믿,U+BBFF,48127,72,432,used
442,밀,U+BC00,48128,80,432,used
443,밌,U+BC0C,48140,88,432,used
444,밍,U+BC0D,48141,96,432,used
445,및,U+BC0F,48143,104,432,used
446,밑,U+BC11,48145,112,432,used
447,바,U+BC14,48148,120,432,used
448,박,U+BC15,48149,0,448,used
449,밖,U+BC16,48150,8,448,used
450,반,U+BC18,48152,16,448,used
451,받,U+BC1B,48155,24,448,used
452,발,U+BC1C,48156,32,448,used
453,밝,U+BC1D,48157,40,448,used
454,밟,U+BC1F,48159,48,448,used
455,밤,U+BC24,48164,56,448,used
456,밥,U+BC25,48165,64,448,used
457,방,U+BC29,48169,72,448,used
458,밭,U+BC2D,48173,80,448,used
459,배,U+BC30,48176,88,448,used
460,백,U+BC31,48177,96,448,used
461,밴,U+BC34,48180,104,448,used
462,뱀,U+BC40,48192,112,448,used
463,뱉,U+BC49,48201,120,448,used
464,버,U+BC84,48260,0,464,used
465,번,U+BC88,48264,8,464,used
466,벌,U+BC8C,48268,16,464,used
467,범,U+BC94,48276,24,464,used
468,법,U+BC95,48277,32,464,used
469,벗,U+BC97,48279,40,464,used
470,베,U+BCA0,48288,48,464,used
471,벤,U+BCA4,48292,56,464,used
472,벨,U+BCA8,48296,64,464,used
473,벼,U+BCBC,48316,72,464,used
474,벽,U+BCBD,48317,80,464,used
475,변,U+BCC0,48320,88,464,used
476,별,U+BCC4,48324,96,464,used
477,볍,U+BCCD,48333,104,464,used
478,볐,U+BCD0,48336,112,464,used
479,병,U+BCD1,48337,120,464,used
480,보,U+BCF4,48372,0,480,used
481,복,U+BCF5,48373,8,480,used
482,본,U+BCF8,48376,16,480,used
483,볼,U+BCFC,48380,24,480,used
484,봄,U+BD04,48388,32,480,used
485,봅,U+BD05,48389,40,480,used
486,봉,U+BD09,48393,48,480,used
487,봐,U+BD10,48400,56,480,used
488,봤,U+BD24,48420,64,480,used
489,봬,U+BD2C,48428,72,480,used
490,뵐,U+BD50,48464,80,480,used
491,뵙,U+BD59,48473,88,480,used
492,부,U+BD80,48512,96,480,used
493,북,U+BD81,48513,104,480,used
494,분,U+BD84,48516,112,480,used
495,불,U+BD88,48520,120,480,used
496,붉,U+BD89,48521,0,496,used
497,붐,U+BD90,48528,8,496,used
498,붓,U+BD93,48531,16,496,used
499,붕,U+BD95,48533,24,496,used
500,붙,U+BD99,48537,32,496,used
501,뷔,U+BDD4,48596,40,496,used
502,뷰,U+BDF0,48624,48,496,used
503,브,U+BE0C,48652,56,496,used
504,블,U+BE14,48660,64,496,used
505,비,U+BE44,48708,72,496,used
506,빅,U+BE45,48709,80,496,used
507,빈,U+BE48,48712,88,496,used
508,빌,U+BE4C,48716,96,496,used
509,빗,U+BE57,48727,104,496,used
510,빚,U+BE5A,48730,112,496,used
511,빛,U+BE5B,48731,120,496,used
512,빠,U+BE60,48736,0,512,used
513,빡,U+BE61,48737,8,512,used
514,빨,U+BE68,48744,16,512,used
515,빼,U+BE7C,48764,24,512,used
516,뺀,U+BE80,48768,32,512,used
517,뺄,U+BE84,48772,40,512,used
518,뺐,U+BE90,48784,48,512,used
519,뻐,U+BED0,48848,56,512,used
520,뻑,U+BED1,48849,64,512,used
521,뻔,U+BED4,48852,72,512,used
522,뻗,U+BED7,48855,80,512,used
523,뼈,U+BF08,48904,88,512,used
524,뼉,U+BF09,48905,96,512,used
525,뽐,U+BF50,48976,104,512,used
526,뽑,U+BF51,48977,112,512,used
527,뿌,U+BFCC,49100,120,512,used
528,뿍,U+BFCD,49101,0,528,used
529,뿐,U+BFD0,49104,8,528,used
530,뿜,U+BFDC,49116,16,528,used
531,쁘,U+C058,49240,24,528,used
532,쁜,U+C05C,49244,32,528,used
533,쁨,U+C068,49256,40,528,used
534,삐,U+C090,49296,48,528,used
535,사,U+C0AC,49324,56,528,used
536,삭,U+C0AD,49325,64,528,used
537,산,U+C0B0,49328,72,528,used
538,살,U+C0B4,49332,80,528,used
539,삶,U+C0B6,49334,88,528,used
540,삼,U+C0BC,49340,96,528,used
541,샀,U+C0C0,49344,104,528,used
542,상,U+C0C1,49345,112,528,used
543,샅,U+C0C5,49349,120,528,used
544,새,U+C0C8,49352,0,544,used
545,색,U+C0C9,49353,8,544,used
546,샘,U+C0D8,49368,16,544,used
547,생,U+C0DD,49373,24,544,used
548,샤,U+C0E4,49380,32,544,used
549,샴,U+C0F4,49396,40,544,used
550,샹,U+C0F9,49401,48,544,used
551,서,U+C11C,49436,56,544,used
552,석,U+C11D,49437,64,544,used
553,섞,U+C11E,49438,72,544,used
554,선,U+C120,49440,80,544,used
555,설,U+C124,49444,88,544,used
556,섬,U+C12C,49452,96,544,used
557,섭,U+C12D,49453,104,544,used
558,섯,U+C12F,49455,112,544,used
559,섰,U+C130,49456,120,544,used
560,성,U+C131,49457,0,560,used
561,세,U+C138,49464,8,560,used
562,센,U+C13C,49468,16,560,used
563,셀,U+C140,49472,24,560,used
564,셈,U+C148,49480,32,560,used
565,셋,U+C14B,49483,40,560,used
566,셔,U+C154,49492,48,560,used
567,션,U+C158,49496,56,560,used
568,셨,U+C168,49512,64,560,used
569,셰,U+C170,49520,72,560,used
570,셸,U+C178,49528,80,560,used
571,소,U+C18C,49548,88,560,used
572,속,U+C18D,49549,96,560,used
573,손,U+C190,49552,104,560,used
574,솔,U+C194,49556,112,560,used
575,솜,U+C19C,49564,120,560,used
576,솟,U+C19F,49567,0,576,used
577,송,U+C1A1,49569,8,576,used
578,쇄,U+C1C4,49604,16,576,used
579,쇠,U+C1E0,49632,24,576,used
580,쇳,U+C1F3,49651,32,576,used
581,쇼,U+C1FC,49660,40,576,used
582,수,U+C218,49688,48,576,used
583,숙,U+C219,49689,56,576,used
584,순,U+C21C,49692,64,576,used
585,술,U+C220,49696,72,576,used
586,숨,U+C228,49704,80,576,used
587,숫,U+C22B,49707,88,576,used
588,쉬,U+C26C,49772,96,576,used
589,쉴,U+C274,49780,104,576,used
590,쉽,U+C27D,49789,112,576,used
591,쉿,U+C27F,49791,120,576,used
592,슈,U+C288,49800,0,592,used
593,스,U+C2A4,49828,8,592,used
594,슨,U+C2A8,49832,16,592,used
595,슬,U+C2AC,49836,24,592,used
596,슴,U+C2B4,49844,32,592,used
597,습,U+C2B5,49845,40,592,used
598,슷,U+C2B7,49847,48,592,used
599,승,U+C2B9,49849,56,592,used
600,시,U+C2DC,49884,64,592,used
601,식,U+C2DD,49885,72,592,used
602,신,U+C2E0,49888,80,592,used
603,실,U+C2E4,49892,88,592,used
604,싫,U+C2EB,49899,96,592,used
605,심,U+C2EC,49900,104,592,used
606,십,U+C2ED,49901,112,592,used
607,싱,U+C2F1,49905,120,592,used
608,싶,U+C2F6,49910,0,608,used
609,싸,U+C2F8,49912,8,608,used
610,싹,U+C2F9,49913,16,608,used
611,싼,U+C2FC,49916,24,608,used
612,쌌,U+C30C,49932,32,608,used
613,쌍,U+C30D,49933,40,608,used
614,쌓,U+C313,49939,48,608,used
615,쌩,U+C329,49961,56,608,used
616,써,U+C368,50024,64,608,used
617,썩,U+C369,50025,72,608,used
618,썰,U+C370,50032,80,608,used
619,썼,U+C37C,50044,88,608,used
620,쎄,U+C384,50052,96,608,used
621,쏘,U+C3D8,50136,104,608,used
622,쏜,U+C3DC,50140,112,608,used
623,쏟,U+C3DF,50143,120,608,used
624,쏠,U+C3E0,50144,0,624,used
625,쏴,U+C3F4,50164,8,624,used
626,쐬,U+C42C,50220,16,624,used
627,쑤,U+C464,50276,24,624,used
628,쑥,U+C465,50277,32,624,used
629,쓰,U+C4F0,50416,40,624,used
630,쓴,U+C4F4,50420,48,624,used
631,쓸,U+C4F8,50424,56,624,used
632,씀,U+C500,50432,64,624,used
633,씁,U+C501,50433,72,624,used
634,씌,U+C50C,50444,80,624,used
635,씨,U+C528,50472,88,624,used
636,씩,U+C529,50473,96,624,used
637,씬,U+C52C,50476,104,624,used
638,아,U+C544,50500,112,624,used
639,악,U+C545,50501,120,624,used
640,안,U+C548,50504,0,640,used
641,앉,U+C549,50505,8,640,used
642,않,U+C54A,50506,16,640,used
643,알,U+C54C,50508,24,640,used
644,앓,U+C553,50515,32,640,used
645,암,U+C554,50516,40,640,used
646,압,U+C555,50517,48,640,used
647,앗,U+C557,50519,56,640,used
648,았,U+C558,50520,64,640,used
649,앙,U+C559,50521,72,640,used
650,앞,U+C55E,50526,80,640,used
651,애,U+C560,50528,88,640,used
652,액,U+C561,50529,96,640,used
653,앤,U+C564,50532,104,640,used
654,앨,U+C568,50536,112,640,used
655,앰,U+C570,50544,120,640,used
656,앵,U+C575,50549,0,656,used
657,야,U+C57C,50556,8,656,used
658,약,U+C57D,50557,16,656,used
659,얀,U+C580,50560,24,656,used
660,얌,U+C58C,50572,32,656,used
661,양,U+C591,50577,40,656,used
662,얕,U+C595,50581,48,656,used
663,얗,U+C597,50583,56,656,used
664,얘,U+C598,50584,64,656,used
665,어,U+C5B4,50612,72,656,used
666,억,U+C5B5,50613,80,656,used
667,언,U+C5B8,50616,88,656,used
668,얹,U+C5B9,50617,96,656,used
669,얻,U+C5BB,50619,104,656,used
670,얼,U+C5BC,50620,112,656,used
671,얽,U+C5BD,50621,120,656,used
672,엄,U+C5C4,50628,0,672,used
673,업,U+C5C5,50629,8,672,used
674,없,U+C5C6,50630,16,672,used
675,엇,U+C5C7,50631,24,672,used
676,었,U+C5C8,50632,32,672,used
677,엉,U+C5C9,50633,40,672,used
678,엊,U+C5CA,50634,48,672,used
679,엌,U+C5CC,50636,56,672,used
680,에,U+C5D0,50640,64,672,used
681,엑,U+C5D1,50641,72,672,used
682,엔,U+C5D4,50644,80,672,used
683,엘,U+C5D8,50648,88,672,used
684,엠,U+C5E0,50656,96,672,used
685,엡,U+C5E1,50657,104,672,used
686,엣,U+C5E3,50659,112,672,used
687,여,U+C5EC,50668,120,672,used
688,역,U+C5ED,50669,0,688,used
689,엮,U+C5EE,50670,8,688,used
690,연,U+C5F0,50672,16,688,used
691,열,U+C5F4,50676,24,688,used
692,염,U+C5FC,50684,32,688,used
693,엾,U+C5FE,50686,40,688,used
694,엿,U+C5FF,50687,48,688,used
695,였,U+C600,50688,56,688,used
696,영,U+C601,50689,64,688,used
697,옅,U+C605,50693,72,688,used
698,옆,U+C606,50694,80,688,used
699,예,U+C608,50696,88,688,used
700,옛,U+C61B,50715,96,688,used
701,오,U+C624,50724,104,688,used
702,옥,U+C625,50725,112,688,used
703,온,U+C628,50728,120,688,used
704,올,U+C62C,50732,0,704,used
705,옮,U+C62E,50734,8,704,used
706,옷,U+C637,50743,16,704,used
707,와,U+C640,50752,24,704,used
708,왁,U+C641,50753,32,704,used
709,완,U+C644,50756,40,704,used
710,왓,U+C653,50771,48,704,used
711,왔,U+C654,50772,56,704,used
712,왕,U+C655,50773,64,704,used
713,왜,U+C65C,50780,72,704,used
714,왠,U+C660,50784,80,704,used
715,외,U+C678,50808,88,704,used
716,왼,U+C67C,50812,96,704,used
717,요,U+C694,50836,104,704,used
718,욕,U+C695,50837,112,704,used
719,용,U+C6A9,50857,120,704,used
720,우,U+C6B0,50864,0,720,used
721,욱,U+C6B1,50865,8,720,used
722,운,U+C6B4,50868,16,720,used
723,울,U+C6B8,50872,24,720,used
724,움,U+C6C0,50880,32,720,used
725,웃,U+C6C3,50883,40,720,used
726,웅,U+C6C5,50885,48,720,used
727,워,U+C6CC,50892,56,720,used
728,원,U+C6D0,50896,64,720,used
729,월,U+C6D4,50900,72,720,used
730,웠,U+C6E0,50912,80,720,used
731,웨,U+C6E8,50920,88,720,used
732,웬,U+C6EC,50924,96,720,used
733,웰,U+C6F0,50928,104,720,used
734,웸,U+C6F8,50936,112,720,used
735,위,U+C704,50948,120,720,used
736,유,U+C720,50976,0,736,used
737,육,U+C721,50977,8,736,used
738,율,U+C728,50984,16,736,used
739,으,U+C73C,51004,24,736,used
740,윽,U+C73D,51005,32,736,used
741,은,U+C740,51008,40,736,used
742,을,U+C744,51012,48,736,used
743,읊,U+C74A,51018,56,736,used
744,음,U+C74C,51020,64,736,used
745,응,U+C751,51025,72,736,used
746,의,U+C758,51032,80,736,used
747,이,U+C774,51060,88,736,used
748,익,U+C775,51061,96,736,used
749,인,U+C778,51064,104,736,used
750,일,U+C77C,51068,112,736,used
751,읽,U+C77D,51069,120,736,used
752,잃,U+C783,51075,0,752,used
753,임,U+C784,51076,8,752,used
754,입,U+C785,51077,16,752,used
755,잇,U+C787,51079,24,752,used
756,있,U+C788,51080,32,752,used
757,잉,U+C789,51081,40,752,used
758,잊,U+C78A,51082,48,752,used
759,자,U+C790,51088,56,752,used
760,작,U+C791,51089,64,752,used
761,잔,U+C794,51092,72,752,used
762,잖,U+C796,51094,80,752,used
763,잘,U+C798,51096,88,752,used
764,잠,U+C7A0,51104,96,752,used
765,잡,U+C7A1,51105,104,752,used
766,잣,U+C7A3,51107,112,752,used
767,잤,U+C7A4,51108,120,752,used
768,장,U+C7A5,51109,0,768,used
769,재,U+C7AC,51116,8,768,used
770,잭,U+C7AD,51117,16,768,used
771,쟁,U+C7C1,51137,24,768,used
772,저,U+C800,51200,32,768,used
773,적,U+C801,51201,40,768,used
774,전,U+C804,51204,48,768,used
775,절,U+C808,51208,56,768,used
776,젊,U+C80A,51210,64,768,used
777,점,U+C810,51216,72,768,used
778,접,U+C811,51217,80,768,used
779,정,U+C815,51221,88,768,used
780,젖,U+C816,51222,96,768,used
781,제,U+C81C,51228,104,768,used
782,젠,U+C820,51232,112,768,used
783,젤,U+C824,51236,120,768,used
784,젬,U+C82C,51244,0,784,used
785,젯,U+C82F,51247,8,784,used
786,져,U+C838,51256,16,784,used
787,졌,U+C84C,51276,24,784,used
788,조,U+C870,51312,32,784,used
789,족,U+C871,51313,40,784,used
790,존,U+C874,51316,48,784,used
791,졸,U+C878,51320,56,784,used
792,좀,U+C880,51328,64,784,used
793,좁,U+C881,51329,72,784,used
794,종,U+C885,51333,80,784,used
795,좋,U+C88B,51339,88,784,used
796,좌,U+C88C,51340,96,784,used
797,죄,U+C8C4,51396,104,784,used
798,죠,U+C8E0,51424,112,784,used
799,주,U+C8FC,51452,120,784,used
800,죽,U+C8FD,51453,0,800,used
801,준,U+C900,51456,8,800,used
802,줄,U+C904,51460,16,800,used
803,중,U+C911,51473,24,800,used
804,줘,U+C918,51480,32,800,used
805,줬,U+C92C,51500,40,800,used
806,쥐,U+C950,51536,48,800,used
807,쥔,U+C954,51540,56,800,used
808,즈,U+C988,51592,64,800,used
809,즐,U+C990,51600,72,800,used
810,즘,U+C998,51608,80,800,used
811,증,U+C99D,51613,88,800,used
812,지,U+C9C0,51648,96,800,used
813,직,U+C9C1,51649,104,800,used
814,진,U+C9C4,51652,112,800,used
815,질,U+C9C8,51656,120,800,used
816,짊,U+C9CA,51658,0,816,used
817,짐,U+C9D0,51664,8,816,used
818,집,U+C9D1,51665,16,816,used
819,짓,U+C9D3,51667,24,816,used
820,징,U+C9D5,51669,32,816,used
821,짖,U+C9D6,51670,40,816,used
822,짙,U+C9D9,51673,48,816,used
823,짚,U+C9DA,51674,56,816,used
824,짜,U+C9DC,51676,64,816,used
825,짝,U+C9DD,51677,72,816,used
826,짠,U+C9E0,51680,80,816,used
827,짧,U+C9E7,51687,88,816,used
828,째,U+C9F8,51704,96,816,used
829,쨌,U+CA0C,51724,104,816,used
830,쨍,U+CA0D,51725,112,816,used
831,쩌,U+CA4C,51788,120,816,used
832,쩍,U+CA4D,51789,0,832,used
833,쩐,U+CA50,51792,8,832,used
834,쩔,U+CA54,51796,16,832,used
835,쩡,U+CA61,51809,24,832,used
836,쪽,U+CABD,51901,32,832,used
837,쫄,U+CAC4,51908,40,832,used
838,쫓,U+CAD3,51923,48,832,used
839,쭉,U+CB49,52041,56,832,used
840,쭐,U+CB50,52048,64,832,used
841,쭤,U+CB64,52068,72,832,used
842,쯤,U+CBE4,52196,80,832,used
843,찌,U+CC0C,52236,88,832,used
844,찍,U+CC0D,52237,96,832,used
845,찔,U+CC14,52244,104,832,used
846,찜,U+CC1C,52252,112,832,used
847,찢,U+CC22,52258,120,832,used
848,차,U+CC28,52264,0,848,used
849,착,U+CC29,52265,8,848,used
850,찬,U+CC2C,52268,16,848,used
851,찮,U+CC2E,52270,24,848,used
852,찰,U+CC30,52272,32,848,used
853,참,U+CC38,52280,40,848,used
854,찻,U+CC3B,52283,48,848,used
855,찼,U+CC3C,52284,56,848,used
856,창,U+CC3D,52285,64,848,used
857,찾,U+CC3E,52286,72,848,used
858,채,U+CC44,52292,80,848,used
859,책,U+CC45,52293,88,848,used
860,챈,U+CC48,52296,96,848,used
861,챙,U+CC59,52313,104,848,used
862,처,U+CC98,52376,112,848,used
863,척,U+CC99,52377,120,848,used
864,천,U+CC9C,52380,0,864,used
865,철,U+CCA0,52384,8,864,used
866,첨,U+CCA8,52392,16,864,used
867,첩,U+CCA9,52393,24,864,used
868,첫,U+CCAB,52395,32,864,used
869,청,U+CCAD,52397,40,864,used
870,체,U+CCB4,52404,48,864,used
871,쳐,U+CCD0,52432,56,864,used
872,쳤,U+CCE4,52452,64,864,used
873,초,U+CD08,52488,72,864,used
874,촉,U+CD09,52489,80,864,used
875,촛,U+CD1B,52507,88,864,used
876,총,U+CD1D,52509,96,864,used
877,최,U+CD5C,52572,104,864,used
878,추,U+CD94,52628,112,864,used
879,축,U+CD95,52629,120,864,used
880,춘,U+CD98,52632,0,880,used
881,출,U+CD9C,52636,8,880,used
882,춤,U+CDA4,52644,16,880,used
883,충,U+CDA9,52649,24,880,used
884,춰,U+CDB0,52656,32,880,used
885,췄,U+CDC4,52676,40,880,used
886,취,U+CDE8,52712,48,880,used
887,츠,U+CE20,52768,56,880,used
888,측,U+CE21,52769,64,880,used
889,층,U+CE35,52789,72,880,used
890,치,U+CE58,52824,80,880,used
891,칙,U+CE59,52825,88,880,used
892,친,U+CE5C,52828,96,880,used
893,칠,U+CE60,52832,104,880,used
894,침,U+CE68,52840,112,880,used
895,칫,U+CE6B,52843,120,880,used
896,칭,U+CE6D,52845,0,896,used
897,카,U+CE74,52852,8,896,used
898,칵,U+CE75,52853,16,896,used
899,칸,U+CE78,52856,24,896,used
900,칼,U+CE7C,52860,32,896,used
901,캄,U+CE84,52868,40,896,used
902,캉,U+CE89,52873,48,896,used
903,캐,U+CE90,52880,56,896,used
904,캔,U+CE94,52884,64,896,used
905,커,U+CEE4,52964,72,896,used
906,컨,U+CEE8,52968,80,896,used
907,컬,U+CEEC,52972,88,896,used
908,컴,U+CEF4,52980,96,896,used
909,컷,U+CEF7,52983,104,896,used
910,컸,U+CEF8,52984,112,896,used
911,케,U+CF00,52992,120,896,used
912,켁,U+CF01,52993,0,912,used
913,켓,U+CF13,53011,8,912,used
914,켜,U+CF1C,53020,16,912,used
915,켠,U+CF20,53024,24,912,used
916,켰,U+CF30,53040,32,912,used
917,코,U+CF54,53076,40,912,used
918,콘,U+CF58,53080,48,912,used
919,콜,U+CF5C,53084,56,912,used
920,콤,U+CF64,53092,64,912,used
921,콧,U+CF67,53095,72,912,used
922,쾌,U+CF8C,53132,80,912,used
923,쾨,U+CFA8,53160,88,912,used
924,퀴,U+D034,53300,96,912,used
925,퀸,U+D038,53304,104,912,used
926,크,U+D06C,53356,112,912,used
927,큰,U+D070,53360,120,912,used
928,클,U+D074,53364,0,928,used
929,큼,U+D07C,53372,8,928,used
930,키,U+D0A4,53412,16,928,used
931,킨,U+D0A8,53416,24,928,used
932,킬,U+D0AC,53420,32,928,used
933,킹,U+D0B9,53433,40,928,used
934,타,U+D0C0,53440,48,928,used
935,탁,U+D0C1,53441,56,928,used
936,탄,U+D0C4,53444,64,928,used
937,탈,U+D0C8,53448,72,928,used
938,탐,U+D0D0,53456,80,928,used
939,탑,U+D0D1,53457,88,928,used
940,탓,U+D0D3,53459,96,928,used
941,탔,U+D0D4,53460,104,928,used
942,탕,U+D0D5,53461,112,928,used
943,태,U+D0DC,53468,120,928,used
944,택,U+D0DD,53469,0,944,used
945,탠,U+D0E0,53472,8,944,used
946,탱,U+D0F1,53489,16,944,used
947,터,U+D130,53552,24,944,used
948,턱,U+D131,53553,32,944,used
949,턴,U+D134,53556,40,944,used
950,털,U+D138,53560,48,944,used
951,텅,U+D145,53573,56,944,used
952,테,U+D14C,53580,64,944,used
953,텐,U+D150,53584,72,944,used
954,텔,U+D154,53588,80,944,used
955,템,U+D15C,53596,88,944,used
956,텨,U+D168,53608,96,944,used
957,토,U+D1A0,53664,104,944,used
958,톤,U+D1A4,53668,112,944,used
959,톨,U+D1A8,53672,120,944,used
960,통,U+D1B5,53685,0,960,used
961,퇴,U+D1F4,53748,8,960,used
962,투,U+D22C,53804,16,960,used
963,퉁,U+D241,53825,24,960,used
964,튀,U+D280,53888,32,960,used
965,튕,U+D295,53909,40,960,used
966,튜,U+D29C,53916,48,960,used
967,트,U+D2B8,53944,56,960,used
968,특,U+D2B9,53945,64,960,used
969,튼,U+D2BC,53948,72,960,used
970,틀,U+D2C0,53952,80,960,used
971,틈,U+D2C8,53960,88,960,used
972,티,U+D2F0,54000,96,960,used
973,틱,U+D2F1,54001,104,960,used
974,틴,U+D2F4,54004,112,960,used
975,팁,U+D301,54017,120,960,used
976,팅,U+D305,54021,0,976,used
977,파,U+D30C,54028,8,976,used
978,팍,U+D30D,54029,16,976,used
979,판,U+D310,54032,24,976,used
980,팔,U+D314,54036,32,976,used
981,팠,U+D320,54048,40,976,used
982,패,U+D328,54056,48,976,used
983,팬,U+D32C,54060,56,976,used
984,팻,U+D33B,54075,64,976,used
985,퍼,U+D37C,54140,72,976,used
986,펀,U+D380,54144,80,976,used
987,펄,U+D384,54148,88,976,used
988,펍,U+D38D,54157,96,976,used
989,펑,U+D391,54161,104,976,used
990,페,U+D398,54168,112,976,used
991,펜,U+D39C,54172,120,976,used
992,펠,U+D3A0,54176,0,992,used
993,펴,U+D3B4,54196,8,992,used
994,편,U+D3B8,54200,16,992,used
995,펼,U+D3BC,54204,24,992,used
996,폈,U+D3C8,54216,32,992,used
997,평,U+D3C9,54217,40,992,used
998,폐,U+D3D0,54224,48,992,used
999,포,U+D3EC,54252,56,992,used
1000,폭,U+D3ED,54253,64,992,used
1001,폰,U+D3F0,54256,72,992,used
1002,폴,U+D3F4,54260,80,992,used
1003,폼,U+D3FC,54268,88,992,used
1004,표,U+D45C,54364,96,992,used
1005,푸,U+D478,54392,104,992,used
1006,푹,U+D479,54393,112,992,used
1007,푼,U+D47C,54396,120,992,used
1008,풀,U+D480,54400,0,1008,used
1009,품,U+D488,54408,8,1008,used
1010,풋,U+D48B,54411,16,1008,used
1011,풍,U+D48D,54413,24,1008,used
1012,프,U+D504,54532,32,1008,used
1013,픈,U+D508,54536,40,1008,used
1014,플,U+D50C,54540,48,1008,used
1015,픔,U+D514,54548,56,1008,used
1016,피,U+D53C,54588,64,1008,used
1017,핀,U+D540,54592,72,1008,used
1018,필,U+D544,54596,80,1008,used
1019,핏,U+D54F,54607,88,1008,used
1020,핑,U+D551,54609,96,1008,used
1021,하,U+D558,54616,104,1008,used
1022,학,U+D559,54617,112,1008,used
1023,한,U+D55C,54620,120,1008,used
1024,할,U+D560,54624,0,1024,used
1025,핥,U+D565,54629,8,1024,used
1026,함,U+D568,54632,16,1024,used
1027,합,U+D569,54633,24,1024,used
1028,핫,U+D56B,54635,32,1024,used
1029,항,U+D56D,54637,40,1024,used
1030,해,U+D574,54644,48,1024,used
1031,핸,U+D578,54648,56,1024,used
1032,핼,U+D57C,54652,64,1024,used
1033,햇,U+D587,54663,72,1024,used
1034,했,U+D588,54664,80,1024,used
1035,행,U+D589,54665,88,1024,used
1036,향,U+D5A5,54693,96,1024,used
1037,허,U+D5C8,54728,104,1024,used
1038,헌,U+D5CC,54732,112,1024,used
1039,헐,U+D5D0,54736,120,1024,used
1040,험,U+D5D8,54744,0,1040,used
1041,헛,U+D5DB,54747,8,1040,used
1042,헤,U+D5E4,54756,16,1040,used
1043,헨,U+D5E8,54760,24,1040,used
1044,헬,U+D5EC,54764,32,1040,used
1045,혀,U+D600,54784,40,1040,used
1046,현,U+D604,54788,48,1040,used
1047,혈,U+D608,54792,56,1040,used
1048,협,U+D611,54801,64,1040,used
1049,혔,U+D614,54804,72,1040,used
1050,형,U+D615,54805,80,1040,used
1051,혜,U+D61C,54812,88,1040,used
1052,호,U+D638,54840,96,1040,used
1053,혹,U+D639,54841,104,1040,used
1054,혼,U+D63C,54844,112,1040,used
1055,홀,U+D640,54848,120,1040,used
1056,홉,U+D649,54857,0,1056,used
1057,홍,U+D64D,54861,8,1056,used
1058,화,U+D654,54868,16,1056,used
1059,확,U+D655,54869,24,1056,used
1060,환,U+D658,54872,32,1056,used
1061,활,U+D65C,54876,40,1056,used
1062,황,U+D669,54889,48,1056,used
1063,회,U+D68C,54924,56,1056,used
1064,획,U+D68D,54925,64,1056,used
1065,횟,U+D69F,54943,72,1056,used
1066,효,U+D6A8,54952,80,1056,used
1067,후,U+D6C4,54980,88,1056,used
1068,훈,U+D6C8,54984,96,1056,used
1069,훌,U+D6CC,54988,104,1056,used
1070,훑,U+D6D1,54993,112,1056,used
1071,훔,U+D6D4,54996,120,1056,used
1072,훗,U+D6D7,54999,0,1072,used
1073,훨,U+D6E8,55016,8,1072,used
1074,휘,U+D718,55064,16,1072,used
1075,휩,U+D729,55081,24,1072,used
1076,휴,U+D734,55092,32,1072,used
1077,흉,U+D749,55113,40,1072,used
1078,흐,U+D750,55120,48,1072,used
1079,흑,U+D751,55121,56,1072,used
1080,흔,U+D754,55124,64,1072,used
1081,흘,U+D758,55128,72,1072,used
1082,흙,U+D759,55129,80,1072,used
1083,흠,U+D760,55136,88,1072,used
1084,흡,U+D761,55137,96,1072,used
1085,흥,U+D765,55141,104,1072,used
1086,흩,U+D769,55145,112,1072,used
1087,희,U+D76C,55148,120,1072,used
1088,흰,U+D770,55152,0,1088,used
1089,히,U+D788,55176,8,1088,used
1090,힌,U+D78C,55180,16,1088,used
1091,힐,U+D790,55184,24,1088,used
1092,힘,U+D798,55192,32,1088,used
1093,,,,40,1088,reserved
1094,,,,48,1088,reserved
1095,,,,56,1088,reserved
1096,,,,64,1088,reserved
1097,,,,72,1088,reserved
1098,,,,80,1088,reserved
1099,,,,88,1088,reserved
1100,,,,96,1088,reserved
1101,,,,104,1088,reserved
1102,,,,112,1088,reserved
1103,,,,120,1088,reserved
1104,,,,0,1104,reserved
1105,,,,8,1104,reserved
1106,,,,16,1104,reserved
1107,,,,24,1104,reserved
1108,,,,32,1104,reserved
1109,,,,40,1104,reserved
1110,,,,48,1104,reserved
1111,,,,56,1104,reserved
1112,,,,64,1104,reserved
1113,,,,72,1104,reserved
1114,,,,80,1104,reserved
1115,,,,88,1104,reserved
1116,,,,96,1104,reserved
1117,,,,104,1104,reserved
1118,,,,112,1104,reserved
1119,,,,120,1104,reserved
1120,,,,0,1120,reserved
1121,,,,8,1120,reserved
1122,,,,16,1120,reserved
1123,,,,24,1120,reserved
1124,,,,32,1120,reserved
1125,,,,40,1120,reserved
1126,,,,48,1120,reserved
1127,,,,56,1120,reserved
1128,,,,64,1120,reserved
1129,,,,72,1120,reserved
1130,,,,80,1120,reserved
1131,,,,88,1120,reserved
1132,,,,96,1120,reserved
1133,,,,104,1120,reserved
1134,,,,112,1120,reserved
1135,,,,120,1120,reserved
1136,,,,0,1136,reserved
1137,,,,8,1136,reserved
1138,,,,16,1136,reserved
1139,,,,24,1136,reserved
1140,,,,32,1136,reserved
1141,,,,40,1136,reserved
1142,,,,48,1136,reserved
1143,,,,56,1136,reserved
1144,,,,64,1136,reserved
1145,,,,72,1136,reserved
1146,,,,80,1136,reserved
1147,,,,88,1136,reserved
1148,,,,96,1136,reserved
1149,,,,104,1136,reserved
1150,,,,112,1136,reserved
1151,,,,120,1136,reserved
1152,,,,0,1152,reserved
1153,,,,8,1152,reserved
1154,,,,16,1152,reserved
1155,,,,24,1152,reserved
1156,,,,32,1152,reserved
1157,,,,40,1152,reserved
1158,,,,48,1152,reserved
1159,,,,56,1152,reserved
1160,,,,64,1152,reserved
1161,,,,72,1152,reserved
1162,,,,80,1152,reserved
1163,,,,88,1152,reserved
1164,,,,96,1152,reserved
1165,,,,104,1152,reserved
1166,,,,112,1152,reserved
1167,,,,120,1152,reserved
1168,,,,0,1168,reserved
1169,,,,8,1168,reserved
1170,,,,16,1168,reserved
1171,,,,24,1168,reserved
1172,,,,32,1168,reserved
1173,,,,40,1168,reserved
1174,,,,48,1168,reserved
1175,,,,56,1168,reserved
1176,,,,64,1168,reserved
1177,,,,72,1168,reserved
1178,,,,80,1168,reserved
1179,,,,88,1168,reserved
1180,,,,96,1168,reserved
1181,,,,104,1168,reserved
1182,,,,112,1168,reserved
1183,,,,120,1168,reserved
1184,,,,0,1184,reserved
1185,,,,8,1184,reserved
1186,,,,16,1184,reserved
1187,,,,24,1184,reserved
1188,,,,32,1184,reserved
1189,,,,40,1184,reserved
1190,,,,48,1184,reserved
1191,,,,56,1184,reserved
1192,,,,64,1184,reserved
1193,,,,72,1184,reserved
1194,,,,80,1184,reserved
1195,,,,88,1184,reserved
1196,,,,96,1184,reserved
1197,,,,104,1184,reserved
1198,,,,112,1184,reserved
1199,,,,120,1184,reserved
1200,,,,0,1200,reserved
1201,,,,8,1200,reserved
1202,,,,16,1200,reserved
1203,,,,24,1200,reserved
1204,,,,32,1200,reserved
1205,,,,40,1200,reserved
1206,,,,48,1200,reserved
1207,,,,56,1200,reserved
1208,,,,64,1200,reserved
1209,,,,72,1200,reserved
1210,,,,80,1200,reserved
1211,,,,88,1200,reserved
1212,,,,96,1200,reserved
1213,,,,104,1200,reserved
1214,,,,112,1200,reserved
1215,,,,120,1200,reserved
1216,,,,0,1216,reserved
1217,,,,8,1216,reserved
1218,,,,16,1216,reserved
1219,,,,24,1216,reserved
1220,,,,32,1216,reserved
1221,,,,40,1216,reserved
1222,,,,48,1216,reserved
1223,,,,56,1216,reserved
1224,,,,64,1216,reserved
1225,,,,72,1216,reserved
1226,,,,80,1216,reserved
1227,,,,88,1216,reserved
1228,,,,96,1216,reserved
1229,,,,104,1216,reserved
1230,,,,112,1216,reserved
1231,,,,120,1216,reserved
1232,,,,0,1232,reserved
1233,,,,8,1232,reserved
1234,,,,16,1232,reserved
1235,,,,24,1232,reserved
1236,,,,32,1232,reserved
1237,,,,40,1232,reserved
1238,,,,48,1232,reserved
1239,,,,56,1232,reserved
1240,,,,64,1232,reserved
1241,,,,72,1232,reserved
1242,,,,80,1232,reserved
1243,,,,88,1232,reserved
1244,,,,96,1232,reserved
1245,,,,104,1232,reserved
1246,,,,112,1232,reserved
1247,,,,120,1232,reserved
1248,,,,0,1248,reserved
1249,,,,8,1248,reserved
1250,,,,16,1248,reserved
1251,,,,24,1248,reserved
1252,,,,32,1248,reserved
1253,,,,40,1248,reserved
1254,,,,48,1248,reserved
1255,,,,56,1248,reserved
1256,,,,64,1248,reserved
1257,,,,72,1248,reserved
1258,,,,80,1248,reserved
1259,,,,88,1248,reserved
1260,,,,96,1248,reserved
1261,,,,104,1248,reserved
1262,,,,112,1248,reserved
1263,,,,120,1248,reserved
1264,,,,0,1264,reserved
1265,,,,8,1264,reserved
1266,,,,16,1264,reserved
1267,,,,24,1264,reserved
1268,,,,32,1264,reserved
1269,,,,40,1264,reserved
1270,,,,48,1264,reserved
1271,,,,56,1264,reserved
1272,,,,64,1264,reserved
1273,,,,72,1264,reserved
1274,,,,80,1264,reserved
1275,,,,88,1264,reserved
1276,,,,96,1264,reserved
1277,,,,104,1264,reserved
1278,,,,112,1264,reserved
1279,,,,120,1264,reserved
