role,profile,profile_label,cell,jamo,glyph_index,offset
initial,1,초성 1벌,0,(무받침),0,0
initial,1,초성 1벌,1,ㄱ,1,32
initial,1,초성 1벌,2,ㄲ,2,64
initial,1,초성 1벌,3,ㄴ,3,96
initial,1,초성 1벌,4,ㄷ,4,128
initial,1,초성 1벌,5,ㄸ,5,160
initial,1,초성 1벌,6,ㄹ,6,192
initial,1,초성 1벌,7,ㅁ,7,224
initial,1,초성 1벌,8,ㅂ,8,256
initial,1,초성 1벌,9,ㅃ,9,288
initial,1,초성 1벌,10,ㅅ,10,320
initial,1,초성 1벌,11,ㅆ,11,352
initial,1,초성 1벌,12,ㅇ,12,384
initial,1,초성 1벌,13,ㅈ,13,416
initial,1,초성 1벌,14,ㅉ,14,448
initial,1,초성 1벌,15,ㅊ,15,480
initial,1,초성 1벌,16,ㅋ,16,512
initial,1,초성 1벌,17,ㅌ,17,544
initial,1,초성 1벌,18,ㅍ,18,576
initial,1,초성 1벌,19,ㅎ,19,608
initial,2,초성 2벌,0,(무받침),20,640
initial,2,초성 2벌,1,ㄱ,21,672
initial,2,초성 2벌,2,ㄲ,22,704
initial,2,초성 2벌,3,ㄴ,23,736
initial,2,초성 2벌,4,ㄷ,24,768
initial,2,초성 2벌,5,ㄸ,25,800
initial,2,초성 2벌,6,ㄹ,26,832
initial,2,초성 2벌,7,ㅁ,27,864
initial,2,초성 2벌,8,ㅂ,28,896
initial,2,초성 2벌,9,ㅃ,29,928
initial,2,초성 2벌,10,ㅅ,30,960
initial,2,초성 2벌,11,ㅆ,31,992
initial,2,초성 2벌,12,ㅇ,32,1024
initial,2,초성 2벌,13,ㅈ,33,1056
initial,2,초성 2벌,14,ㅉ,34,1088
initial,2,초성 2벌,15,ㅊ,35,1120
initial,2,초성 2벌,16,ㅋ,36,1152
initial,2,초성 2벌,17,ㅌ,37,1184
initial,2,초성 2벌,18,ㅍ,38,1216
initial,2,초성 2벌,19,ㅎ,39,1248
initial,3,초성 3벌,0,(무받침),40,1280
initial,3,초성 3벌,1,ㄱ,41,1312
initial,3,초성 3벌,2,ㄲ,42,1344
initial,3,초성 3벌,3,ㄴ,43,1376
initial,3,초성 3벌,4,ㄷ,44,1408
initial,3,초성 3벌,5,ㄸ,45,1440
initial,3,초성 3벌,6,ㄹ,46,1472
initial,3,초성 3벌,7,ㅁ,47,1504
initial,3,초성 3벌,8,ㅂ,48,1536
initial,3,초성 3벌,9,ㅃ,49,1568
initial,3,초성 3벌,10,ㅅ,50,1600
initial,3,초성 3벌,11,ㅆ,51,1632
initial,3,초성 3벌,12,ㅇ,52,1664
initial,3,초성 3벌,13,ㅈ,53,1696
initial,3,초성 3벌,14,ㅉ,54,1728
initial,3,초성 3벌,15,ㅊ,55,1760
initial,3,초성 3벌,16,ㅋ,56,1792
initial,3,초성 3벌,17,ㅌ,57,1824
initial,3,초성 3벌,18,ㅍ,58,1856
initial,3,초성 3벌,19,ㅎ,59,1888
initial,4,초성 4벌,0,(무받침),60,1920
initial,4,초성 4벌,1,ㄱ,61,1952
initial,4,초성 4벌,2,ㄲ,62,1984
initial,4,초성 4벌,3,ㄴ,63,2016
initial,4,초성 4벌,4,ㄷ,64,2048
initial,4,초성 4벌,5,ㄸ,65,2080
initial,4,초성 4벌,6,ㄹ,66,2112
initial,4,초성 4벌,7,ㅁ,67,2144
initial,4,초성 4벌,8,ㅂ,68,2176
initial,4,초성 4벌,9,ㅃ,69,2208
initial,4,초성 4벌,10,ㅅ,70,2240
initial,4,초성 4벌,11,ㅆ,71,2272
initial,4,초성 4벌,12,ㅇ,72,2304
initial,4,초성 4벌,13,ㅈ,73,2336
initial,4,초성 4벌,14,ㅉ,74,2368
initial,4,초성 4벌,15,ㅊ,75,2400
initial,4,초성 4벌,16,ㅋ,76,2432
initial,4,초성 4벌,17,ㅌ,77,2464
initial,4,초성 4벌,18,ㅍ,78,2496
initial,4,초성 4벌,19,ㅎ,79,2528
initial,5,초성 5벌,0,(무받침),80,2560
initial,5,초성 5벌,1,ㄱ,81,2592
initial,5,초성 5벌,2,ㄲ,82,2624
initial,5,초성 5벌,3,ㄴ,83,2656
initial,5,초성 5벌,4,ㄷ,84,2688
initial,5,초성 5벌,5,ㄸ,85,2720
initial,5,초성 5벌,6,ㄹ,86,2752
initial,5,초성 5벌,7,ㅁ,87,2784
initial,5,초성 5벌,8,ㅂ,88,2816
initial,5,초성 5벌,9,ㅃ,89,2848
initial,5,초성 5벌,10,ㅅ,90,2880
initial,5,초성 5벌,11,ㅆ,91,2912
initial,5,초성 5벌,12,ㅇ,92,2944
initial,5,초성 5벌,13,ㅈ,93,2976
initial,5,초성 5벌,14,ㅉ,94,3008
initial,5,초성 5벌,15,ㅊ,95,3040
initial,5,초성 5벌,16,ㅋ,96,3072
initial,5,초성 5벌,17,ㅌ,97,3104
initial,5,초성 5벌,18,ㅍ,98,3136
initial,5,초성 5벌,19,ㅎ,99,3168
initial,6,초성 6벌,0,(무받침),100,3200
initial,6,초성 6벌,1,ㄱ,101,3232
initial,6,초성 6벌,2,ㄲ,102,3264
initial,6,초성 6벌,3,ㄴ,103,3296
initial,6,초성 6벌,4,ㄷ,104,3328
initial,6,초성 6벌,5,ㄸ,105,3360
initial,6,초성 6벌,6,ㄹ,106,3392
initial,6,초성 6벌,7,ㅁ,107,3424
initial,6,초성 6벌,8,ㅂ,108,3456
initial,6,초성 6벌,9,ㅃ,109,3488
initial,6,초성 6벌,10,ㅅ,110,3520
initial,6,초성 6벌,11,ㅆ,111,3552
initial,6,초성 6벌,12,ㅇ,112,3584
initial,6,초성 6벌,13,ㅈ,113,3616
initial,6,초성 6벌,14,ㅉ,114,3648
initial,6,초성 6벌,15,ㅊ,115,3680
initial,6,초성 6벌,16,ㅋ,116,3712
initial,6,초성 6벌,17,ㅌ,117,3744
initial,6,초성 6벌,18,ㅍ,118,3776
initial,6,초성 6벌,19,ㅎ,119,3808
initial,7,초성 7벌,0,(무받침),120,3840
initial,7,초성 7벌,1,ㄱ,121,3872
initial,7,초성 7벌,2,ㄲ,122,3904
initial,7,초성 7벌,3,ㄴ,123,3936
initial,7,초성 7벌,4,ㄷ,124,3968
initial,7,초성 7벌,5,ㄸ,125,4000
initial,7,초성 7벌,6,ㄹ,126,4032
initial,7,초성 7벌,7,ㅁ,127,4064
initial,7,초성 7벌,8,ㅂ,128,4096
initial,7,초성 7벌,9,ㅃ,129,4128
initial,7,초성 7벌,10,ㅅ,130,4160
initial,7,초성 7벌,11,ㅆ,131,4192
initial,7,초성 7벌,12,ㅇ,132,4224
initial,7,초성 7벌,13,ㅈ,133,4256
initial,7,초성 7벌,14,ㅉ,134,4288
initial,7,초성 7벌,15,ㅊ,135,4320
initial,7,초성 7벌,16,ㅋ,136,4352
initial,7,초성 7벌,17,ㅌ,137,4384
initial,7,초성 7벌,18,ㅍ,138,4416
initial,7,초성 7벌,19,ㅎ,139,4448
initial,8,초성 8벌,0,(무받침),140,4480
initial,8,초성 8벌,1,ㄱ,141,4512
initial,8,초성 8벌,2,ㄲ,142,4544
initial,8,초성 8벌,3,ㄴ,143,4576
initial,8,초성 8벌,4,ㄷ,144,4608
initial,8,초성 8벌,5,ㄸ,145,4640
initial,8,초성 8벌,6,ㄹ,146,4672
initial,8,초성 8벌,7,ㅁ,147,4704
initial,8,초성 8벌,8,ㅂ,148,4736
initial,8,초성 8벌,9,ㅃ,149,4768
initial,8,초성 8벌,10,ㅅ,150,4800
initial,8,초성 8벌,11,ㅆ,151,4832
initial,8,초성 8벌,12,ㅇ,152,4864
initial,8,초성 8벌,13,ㅈ,153,4896
initial,8,초성 8벌,14,ㅉ,154,4928
initial,8,초성 8벌,15,ㅊ,155,4960
initial,8,초성 8벌,16,ㅋ,156,4992
initial,8,초성 8벌,17,ㅌ,157,5024
initial,8,초성 8벌,18,ㅍ,158,5056
initial,8,초성 8벌,19,ㅎ,159,5088
medial,1,중성 1벌,0,(무받침),160,5120
medial,1,중성 1벌,1,ㅏ,161,5152
medial,1,중성 1벌,2,ㅐ,162,5184
medial,1,중성 1벌,3,ㅑ,163,5216
medial,1,중성 1벌,4,ㅒ,164,5248
medial,1,중성 1벌,5,ㅓ,165,5280
medial,1,중성 1벌,6,ㅔ,166,5312
medial,1,중성 1벌,7,ㅕ,167,5344
medial,1,중성 1벌,8,ㅖ,168,5376
medial,1,중성 1벌,9,ㅗ,169,5408
medial,1,중성 1벌,10,ㅘ,170,5440
medial,1,중성 1벌,11,ㅙ,171,5472
medial,1,중성 1벌,12,ㅚ,172,5504
medial,1,중성 1벌,13,ㅛ,173,5536
medial,1,중성 1벌,14,ㅜ,174,5568
medial,1,중성 1벌,15,ㅝ,175,5600
medial,1,중성 1벌,16,ㅞ,176,5632
medial,1,중성 1벌,17,ㅟ,177,5664
medial,1,중성 1벌,18,ㅠ,178,5696
medial,1,중성 1벌,19,ㅡ,179,5728
medial,1,중성 1벌,20,ㅢ,180,5760
medial,1,중성 1벌,21,ㅣ,181,5792
medial,2,중성 2벌,0,(무받침),182,5824
medial,2,중성 2벌,1,ㅏ,183,5856
medial,2,중성 2벌,2,ㅐ,184,5888
medial,2,중성 2벌,3,ㅑ,185,5920
medial,2,중성 2벌,4,ㅒ,186,5952
medial,2,중성 2벌,5,ㅓ,187,5984
medial,2,중성 2벌,6,ㅔ,188,6016
medial,2,중성 2벌,7,ㅕ,189,6048
medial,2,중성 2벌,8,ㅖ,190,6080
medial,2,중성 2벌,9,ㅗ,191,6112
medial,2,중성 2벌,10,ㅘ,192,6144
medial,2,중성 2벌,11,ㅙ,193,6176
medial,2,중성 2벌,12,ㅚ,194,6208
medial,2,중성 2벌,13,ㅛ,195,6240
medial,2,중성 2벌,14,ㅜ,196,6272
medial,2,중성 2벌,15,ㅝ,197,6304
medial,2,중성 2벌,16,ㅞ,198,6336
medial,2,중성 2벌,17,ㅟ,199,6368
medial,2,중성 2벌,18,ㅠ,200,6400
medial,2,중성 2벌,19,ㅡ,201,6432
medial,2,중성 2벌,20,ㅢ,202,6464
medial,2,중성 2벌,21,ㅣ,203,6496
medial,3,중성 3벌,0,(무받침),204,6528
medial,3,중성 3벌,1,ㅏ,205,6560
medial,3,중성 3벌,2,ㅐ,206,6592
medial,3,중성 3벌,3,ㅑ,207,6624
medial,3,중성 3벌,4,ㅒ,208,6656
medial,3,중성 3벌,5,ㅓ,209,6688
medial,3,중성 3벌,6,ㅔ,210,6720
medial,3,중성 3벌,7,ㅕ,211,6752
medial,3,중성 3벌,8,ㅖ,212,6784
medial,3,중성 3벌,9,ㅗ,213,6816
medial,3,중성 3벌,10,ㅘ,214,6848
medial,3,중성 3벌,11,ㅙ,215,6880
medial,3,중성 3벌,12,ㅚ,216,6912
medial,3,중성 3벌,13,ㅛ,217,6944
medial,3,중성 3벌,14,ㅜ,218,6976
medial,3,중성 3벌,15,ㅝ,219,7008
medial,3,중성 3벌,16,ㅞ,220,7040
medial,3,중성 3벌,17,ㅟ,221,7072
medial,3,중성 3벌,18,ㅠ,222,7104
medial,3,중성 3벌,19,ㅡ,223,7136
medial,3,중성 3벌,20,ㅢ,224,7168
medial,3,중성 3벌,21,ㅣ,225,7200
medial,4,중성 4벌,0,(무받침),226,7232
medial,4,중성 4벌,1,ㅏ,227,7264
medial,4,중성 4벌,2,ㅐ,228,7296
medial,4,중성 4벌,3,ㅑ,229,7328
medial,4,중성 4벌,4,ㅒ,230,7360
medial,4,중성 4벌,5,ㅓ,231,7392
medial,4,중성 4벌,6,ㅔ,232,7424
medial,4,중성 4벌,7,ㅕ,233,7456
medial,4,중성 4벌,8,ㅖ,234,7488
medial,4,중성 4벌,9,ㅗ,235,7520
medial,4,중성 4벌,10,ㅘ,236,7552
medial,4,중성 4벌,11,ㅙ,237,7584
medial,4,중성 4벌,12,ㅚ,238,7616
medial,4,중성 4벌,13,ㅛ,239,7648
medial,4,중성 4벌,14,ㅜ,240,7680
medial,4,중성 4벌,15,ㅝ,241,7712
medial,4,중성 4벌,16,ㅞ,242,7744
medial,4,중성 4벌,17,ㅟ,243,7776
medial,4,중성 4벌,18,ㅠ,244,7808
medial,4,중성 4벌,19,ㅡ,245,7840
medial,4,중성 4벌,20,ㅢ,246,7872
medial,4,중성 4벌,21,ㅣ,247,7904
final,1,종성 1벌,0,(무받침),248,7936
final,1,종성 1벌,1,ㄱ,249,7968
final,1,종성 1벌,2,ㄲ,250,8000
final,1,종성 1벌,3,ㄳ,251,8032
final,1,종성 1벌,4,ㄴ,252,8064
final,1,종성 1벌,5,ㄵ,253,8096
final,1,종성 1벌,6,ㄶ,254,8128
final,1,종성 1벌,7,ㄷ,255,8160
final,1,종성 1벌,8,ㄹ,256,8192
final,1,종성 1벌,9,ㄺ,257,8224
final,1,종성 1벌,10,ㄻ,258,8256
final,1,종성 1벌,11,ㄼ,259,8288
final,1,종성 1벌,12,ㄽ,260,8320
final,1,종성 1벌,13,ㄾ,261,8352
final,1,종성 1벌,14,ㄿ,262,8384
final,1,종성 1벌,15,ㅀ,263,8416
final,1,종성 1벌,16,ㅁ,264,8448
final,1,종성 1벌,17,ㅂ,265,8480
final,1,종성 1벌,18,ㅄ,266,8512
final,1,종성 1벌,19,ㅅ,267,8544
final,1,종성 1벌,20,ㅆ,268,8576
final,1,종성 1벌,21,ㅇ,269,8608
final,1,종성 1벌,22,ㅈ,270,8640
final,1,종성 1벌,23,ㅊ,271,8672
final,1,종성 1벌,24,ㅋ,272,8704
final,1,종성 1벌,25,ㅌ,273,8736
final,1,종성 1벌,26,ㅍ,274,8768
final,1,종성 1벌,27,ㅎ,275,8800
final,2,종성 2벌,0,(무받침),276,8832
final,2,종성 2벌,1,ㄱ,277,8864
final,2,종성 2벌,2,ㄲ,278,8896
final,2,종성 2벌,3,ㄳ,279,8928
final,2,종성 2벌,4,ㄴ,280,8960
final,2,종성 2벌,5,ㄵ,281,8992
final,2,종성 2벌,6,ㄶ,282,9024
final,2,종성 2벌,7,ㄷ,283,9056
final,2,종성 2벌,8,ㄹ,284,9088
final,2,종성 2벌,9,ㄺ,285,9120
final,2,종성 2벌,10,ㄻ,286,9152
final,2,종성 2벌,11,ㄼ,287,9184
final,2,종성 2벌,12,ㄽ,288,9216
final,2,종성 2벌,13,ㄾ,289,9248
final,2,종성 2벌,14,ㄿ,290,9280
final,2,종성 2벌,15,ㅀ,291,9312
final,2,종성 2벌,16,ㅁ,292,9344
final,2,종성 2벌,17,ㅂ,293,9376
final,2,종성 2벌,18,ㅄ,294,9408
final,2,종성 2벌,19,ㅅ,295,9440
final,2,종성 2벌,20,ㅆ,296,9472
final,2,종성 2벌,21,ㅇ,297,9504
final,2,종성 2벌,22,ㅈ,298,9536
final,2,종성 2벌,23,ㅊ,299,9568
final,2,종성 2벌,24,ㅋ,300,9600
final,2,종성 2벌,25,ㅌ,301,9632
final,2,종성 2벌,26,ㅍ,302,9664
final,2,종성 2벌,27,ㅎ,303,9696
final,3,종성 3벌,0,(무받침),304,9728
final,3,종성 3벌,1,ㄱ,305,9760
final,3,종성 3벌,2,ㄲ,306,9792
final,3,종성 3벌,3,ㄳ,307,9824
final,3,종성 3벌,4,ㄴ,308,9856
final,3,종성 3벌,5,ㄵ,309,9888
final,3,종성 3벌,6,ㄶ,310,9920
final,3,종성 3벌,7,ㄷ,311,9952
final,3,종성 3벌,8,ㄹ,312,9984
final,3,종성 3벌,9,ㄺ,313,10016
final,3,종성 3벌,10,ㄻ,314,10048
final,3,종성 3벌,11,ㄼ,315,10080
final,3,종성 3벌,12,ㄽ,316,10112
final,3,종성 3벌,13,ㄾ,317,10144
final,3,종성 3벌,14,ㄿ,318,10176
final,3,종성 3벌,15,ㅀ,319,10208
final,3,종성 3벌,16,ㅁ,320,10240
final,3,종성 3벌,17,ㅂ,321,10272
final,3,종성 3벌,18,ㅄ,322,10304
final,3,종성 3벌,19,ㅅ,323,10336
final,3,종성 3벌,20,ㅆ,324,10368
final,3,종성 3벌,21,ㅇ,325,10400
final,3,종성 3벌,22,ㅈ,326,10432
final,3,종성 3벌,23,ㅊ,327,10464
final,3,종성 3벌,24,ㅋ,328,10496
final,3,종성 3벌,25,ㅌ,329,10528
final,3,종성 3벌,26,ㅍ,330,10560
final,3,종성 3벌,27,ㅎ,331,10592
final,4,종성 4벌,0,(무받침),332,10624
final,4,종성 4벌,1,ㄱ,333,10656
final,4,종성 4벌,2,ㄲ,334,10688
final,4,종성 4벌,3,ㄳ,335,10720
final,4,종성 4벌,4,ㄴ,336,10752
final,4,종성 4벌,5,ㄵ,337,10784
final,4,종성 4벌,6,ㄶ,338,10816
final,4,종성 4벌,7,ㄷ,339,10848
final,4,종성 4벌,8,ㄹ,340,10880
final,4,종성 4벌,9,ㄺ,341,10912
final,4,종성 4벌,10,ㄻ,342,10944
final,4,종성 4벌,11,ㄼ,343,10976
final,4,종성 4벌,12,ㄽ,344,11008
final,4,종성 4벌,13,ㄾ,345,11040
final,4,종성 4벌,14,ㄿ,346,11072
final,4,종성 4벌,15,ㅀ,347,11104
final,4,종성 4벌,16,ㅁ,348,11136
final,4,종성 4벌,17,ㅂ,349,11168
final,4,종성 4벌,18,ㅄ,350,11200
final,4,종성 4벌,19,ㅅ,351,11232
final,4,종성 4벌,20,ㅆ,352,11264
final,4,종성 4벌,21,ㅇ,353,11296
final,4,종성 4벌,22,ㅈ,354,11328
final,4,종성 4벌,23,ㅊ,355,11360
final,4,종성 4벌,24,ㅋ,356,11392
final,4,종성 4벌,25,ㅌ,357,11424
final,4,종성 4벌,26,ㅍ,358,11456
final,4,종성 4벌,27,ㅎ,359,11488
